Edge,Family,Rotation,NLL,AIC,BIC
T0_E0,Bicopfamily.student,0,-384.7451626200574,-615.4903252401148,-222.59787484546678
T0_E1,Bicopfamily.student,0,-256.65819855954055,-359.3163971190811,33.57605327556689
T0_E2,Bicopfamily.student,0,-266.51602907075545,-379.0320581415109,13.860392253137093
T0_E3,Bicopfamily.student,0,-571.5158973751595,-989.031794750319,-596.139344355671
T0_E4,Bicopfamily.student,0,-271.77161714868066,-389.5432342973613,3.3492160972866714
T0_E5,Bicopfamily.student,0,-107.06111357759585,-60.122227155191695,332.7702232394563
T0_E6,Bicopfamily.student,0,-727.3435988453894,-1300.6871976907787,-907.7947472961307
T0_E7,Bicopfamily.student,0,-257.86960516992195,-361.7392103398439,31.153240054804087
T0_E8,Bicopfamily.gumbel,270,-67.73479704107565,-99.4695940821513,-7.6246056782076295
T0_E9,Bicopfamily.gumbel,0,-315.85845722278907,-595.7169144455781,-503.8719260416345
T0_E10,Bicopfamily.student,0,-93.09779661419658,-32.195593228393165,360.69685716625486
T0_E11,Bicopfamily.student,0,-114.51269927347614,-75.02539854695229,317.86705184769573
T0_E12,Bicopfamily.gumbel,90,-181.380138077398,-326.760276154796,-234.91528775085231
T0_E13,Bicopfamily.gumbel,90,-164.6876439909957,-293.3752879819914,-201.53029957804773
T0_E14,Bicopfamily.frank,0,-136.68292423630817,322.63415152738366,1843.178959548229
T0_E15,Bicopfamily.student,0,-505.63194354068355,-857.2638870813671,-464.3714366867191
T0_E16,Bicopfamily.student,0,-622.1027634885057,-1090.2055269770115,-697.3130765823635
T0_E17,Bicopfamily.student,0,-320.1656661263341,-486.3313322526682,-93.43888185802018
T0_E18,Bicopfamily.student,0,-355.13148807387955,-556.2629761477591,-163.3705257531111
T0_E19,Bicopfamily.student,0,-304.3066542492266,-454.6133084984532,-61.7208581038052
T0_E20,Bicopfamily.student,0,-337.5314981891687,-521.0629963783374,-128.1705459836894
T0_E21,Bicopfamily.student,0,-302.6035336265842,-451.20706725316836,-58.31461685852037
T0_E22,Bicopfamily.student,0,-173.39043795367115,-192.7808759073423,200.1115744873057
T0_E23,Bicopfamily.student,0,-446.88837755096057,-739.7767551019211,-346.88430470727315
T0_E24,Bicopfamily.student,0,-542.7309735697327,-931.4619471394653,-538.5694967448173
T0_E25,Bicopfamily.student,0,-610.439784655726,-1066.879569311452,-673.9871189168041
T0_E26,Bicopfamily.frank,0,-191.14958021286841,213.70083957426317,1734.2456475951085
T0_E27,Bicopfamily.student,0,-289.46637813164375,-424.9327562632875,-32.04030586863951
T0_E28,Bicopfamily.student,0,-160.99118420652985,-167.9823684130597,224.9100819815883
T0_E29,Bicopfamily.gumbel,0,-519.1807938174549,-1002.3615876349097,-910.516599230966
T0_E30,Bicopfamily.student,0,-328.8035864034269,-503.6071728068538,-110.71472241220579
T0_E31,Bicopfamily.student,0,-1103.4213229239567,-2052.8426458479134,-1659.9501954532655
T0_E32,Bicopfamily.student,0,-679.6833403277417,-1205.3666806554834,-812.4742302608354
T0_E33,Bicopfamily.student,0,-394.5051104749879,-635.0102209499757,-242.11777055532775
T0_E34,Bicopfamily.student,0,-242.29308947680633,-330.58617895361266,62.306271441035335
T0_E35,Bicopfamily.student,0,-404.1243046696766,-654.2486093393532,-261.35615894470516
T0_E36,Bicopfamily.student,0,-394.22100370506377,-634.4420074101275,-241.54955701547954
T0_E37,Bicopfamily.clayton,180,-247.1480546827729,101.70389063445418,1622.2486986552994
T0_E38,Bicopfamily.gumbel,90,-474.99690035583114,-913.9938007116623,-822.1488123077186
T0_E39,Bicopfamily.student,0,-402.25140449968455,-650.5028089993691,-257.6103586047211
T0_E40,Bicopfamily.student,0,-305.7270714721618,-457.4541429443236,-64.56169254967563
T0_E41,Bicopfamily.gumbel,0,-562.7611604668311,-1089.5223209336623,-997.6773325297186
T0_E42,Bicopfamily.gumbel,0,-234.69552166948,-433.39104333896,-341.54605493501634
T0_E43,Bicopfamily.gumbel,0,-824.7406755030074,-1613.4813510060148,-1521.6363626020711
T0_E44,Bicopfamily.student,0,-163.75693198876132,-173.51386397752265,219.37858641712535
T0_E45,Bicopfamily.student,0,-241.6465037445089,-329.2930074890178,63.59944290563021
T0_E46,Bicopfamily.frank,0,-252.60772025041942,90.78455949916116,1611.3293675200064
T0_E47,Bicopfamily.gumbel,180,-171.44271605015476,-306.8854321003095,-215.04044369636586
T0_E48,Bicopfamily.student,0,-289.07355418442535,-424.1471083688507,-31.2546579742027
T0_E49,Bicopfamily.gumbel,0,-194.5262187031879,-353.0524374063758,-261.20744900243216
T0_E50,Bicopfamily.gumbel,0,-350.11962709605245,-664.2392541921049,-572.3942657881612
T0_E51,Bicopfamily.clayton,180,-321.55146763716016,-47.102935274320316,1473.441872746525
T0_E52,Bicopfamily.clayton,270,-179.3506355641763,237.29872887164743,1757.8435368924927
T0_E53,Bicopfamily.gumbel,0,-301.1644187589207,-566.3288375178414,-474.48384911389775
T0_E54,Bicopfamily.student,0,-421.5836942886149,-689.1673885772298,-296.27493818258176
T0_E55,Bicopfamily.gumbel,270,-266.7916211932816,-497.58324238656326,-405.7382539826196
T0_E56,Bicopfamily.student,0,-168.18003542387726,-182.3600708477545,210.53237954689348
T0_E57,Bicopfamily.frank,0,-251.47858182390857,93.04283635218286,1613.587644373028
T0_E58,Bicopfamily.gumbel,180,-264.05204643285816,-492.1040928657163,-400.25910446177267
T0_E59,Bicopfamily.gumbel,90,-167.94067067259255,-299.8813413451851,-208.03635294124143
T0_E60,Bicopfamily.student,0,-279.85460229028354,-405.7092045805671,-12.81675418591908
T1_E0,Bicopfamily.gaussian,0,-17.632761875049777,116.73447624990044,504.5244272887737
T1_E1,Bicopfamily.student,0,6.663800829861335,167.32760165972266,560.2200520543706
T1_E2,Bicopfamily.gaussian,0,-31.363851692725977,89.27229661454805,477.0622476534213
T1_E3,Bicopfamily.student,0,-16.151221676615524,121.69755664676896,514.5900070414169
T1_E4,Bicopfamily.gaussian,0,-30.508836284931295,90.98232743013742,478.77227846901064
T1_E5,Indep,0,0.0,0.0,0.0
T1_E6,Bicopfamily.student,0,-37.12273043006989,79.75453913986021,472.6469895345082
T1_E7,Bicopfamily.student,0,-6.884606037363416,140.23078792527318,533.1232383199211
T1_E8,Bicopfamily.gaussian,0,-9.678241614351965,132.64351677129608,520.4334678101693
T1_E9,Bicopfamily.student,0,-69.57406333637071,14.851873327258573,407.74432372190654
T1_E10,Bicopfamily.gaussian,0,-12.815488366887656,126.36902326622469,514.1589743050979
T1_E11,Indep,0,0.0,0.0,0.0
T1_E12,Bicopfamily.student,0,-4.096625745845214,145.80674850830957,538.6991989029576
T1_E13,Bicopfamily.student,0,1.8498057139463278,157.69961142789265,550.5920618225407
T1_E14,Bicopfamily.student,0,-11.637953039651062,130.72409392069787,523.6165443153459
T1_E15,Bicopfamily.frank,0,-73.37552609689794,449.2489478062041,1969.7937558270494
T1_E16,Bicopfamily.student,0,10.66328293779677,175.32656587559353,568.2190162702416
T1_E17,Bicopfamily.student,0,4.266205034875154,162.5324100697503,555.4248604643983
T1_E18,Bicopfamily.student,0,-5.61595148186674,142.7680970362665,535.6605474309146
T1_E19,Bicopfamily.student,0,-37.08475292469963,79.83049415060074,472.72294454524877
T1_E20,Bicopfamily.student,0,-30.736842444495803,92.52631511100839,485.4187655056564
T1_E21,Bicopfamily.student,0,17.30278377672529,188.60556755345058,581.4980179480985
T1_E22,Bicopfamily.student,0,8.182299232582963,170.36459846516593,563.257048859814
T1_E23,Bicopfamily.gumbel,90,-18.197872460455464,-0.3957449209109285,91.44924348303275
T1_E24,Bicopfamily.gaussian,0,-35.278811559424966,81.44237688115007,469.2323279200233
T1_E25,Bicopfamily.student,0,-16.941338659455614,120.11732268108878,513.0097730757368
T1_E26,Bicopfamily.clayton,180,-2.4998204544261347,591.0003590911477,2111.545167111993
T1_E27,Bicopfamily.frank,0,-122.17883819625351,351.642323607493,1872.1871316283382
T1_E28,Bicopfamily.student,0,5.296723540372028,164.59344708074406,557.485897475392
T1_E29,Bicopfamily.student,0,-2.5820927483452536,148.8358145033095,541.7282648979575
T1_E30,Bicopfamily.student,0,-12.754265854551107,128.49146829089779,521.3839186855457
T1_E31,Bicopfamily.student,0,-30.12675105084906,93.74649789830188,486.63894829294986
T1_E32,Bicopfamily.frank,0,-86.97574569164834,422.0485086167033,1942.5933166375485
T1_E33,Bicopfamily.gaussian,0,-34.87307454176532,82.25385091646936,470.0438019553426
T1_E34,Bicopfamily.student,0,-40.15300037339336,73.69399925321328,466.5864496478613
T1_E35,Bicopfamily.gaussian,0,-16.331858326881616,119.33628334623677,507.12623438511
T1_E36,Bicopfamily.student,0,0.5883320712837388,155.1766641425675,548.0691145372155
T1_E37,Bicopfamily.student,0,-31.26345884232043,91.47308231535914,484.36553271000713
T1_E38,Bicopfamily.student,0,-7.6180488560402875,138.76390228791942,531.6563526825674
T1_E39,Bicopfamily.student,0,-54.790789597342325,44.41842080531535,437.31087119996334
T1_E40,Bicopfamily.student,0,1.0043256055273144,156.00865121105463,548.9011016057026
T1_E41,Bicopfamily.student,0,-104.63742737763909,-55.27485475527817,337.6175956393698
T1_E42,Bicopfamily.frank,0,-83.73246320806741,428.53507358386514,1949.0798816047104
T1_E43,Bicopfamily.student,0,-18.04767843327366,117.90464313345268,510.7970935281007
T1_E44,Bicopfamily.student,0,-2.905992776230418,148.18801444753916,541.0804648421872
T1_E45,Bicopfamily.frank,0,-102.64981509059781,390.70036981880435,1911.2451778396496
T1_E46,Bicopfamily.student,0,-29.838625038829488,94.32274992234102,487.215200316989
T1_E47,Bicopfamily.gaussian,0,-0.9802806460459615,150.0394387079081,537.8293897467813
T1_E48,Bicopfamily.clayton,0,-3.0396524632321587,589.9206950735356,2110.465503094381
T1_E49,Bicopfamily.clayton,180,-1.1850357749331593,593.6299284501337,2114.174736470979
T1_E50,Bicopfamily.student,0,-45.478877969525605,63.04224406094879,455.9346944555968
T1_E51,Bicopfamily.frank,0,-51.684936715955274,492.63012656808945,2013.1749345889348
T1_E52,Bicopfamily.student,0,-55.2462608370498,43.507478325900394,436.39992872054836
T1_E53,Bicopfamily.frank,0,-69.24687628471654,457.50624743056693,1978.0510554514121
T1_E54,Bicopfamily.gumbel,270,-16.3558514327978,3.2882971344044023,95.13328553834808
T1_E55,Bicopfamily.student,0,-29.74595255713751,94.50809488572497,487.40054528037297
T1_E56,Bicopfamily.student,0,-14.113896476807778,125.77220704638444,518.6646574410324
T1_E57,Bicopfamily.student,0,-0.07645751804142564,153.84708496391715,546.7395353585651
T1_E58,Bicopfamily.frank,0,-92.84883249511996,410.3023350097601,1930.8471430306054
T1_E59,Bicopfamily.student,0,-12.456734316853458,129.0865313662931,521.9789817609411
T2_E0,Indep,0,0.0,0.0,0.0
T2_E1,Bicopfamily.frank,0,-91.86891436118712,412.2621712776257,1932.806979298471
T2_E2,Indep,0,0.0,0.0,0.0
T2_E3,Bicopfamily.gaussian,0,-3.7788121902658522,144.4423756194683,532.2323266583415
T2_E4,Bicopfamily.student,0,-5.596119754267075,142.80776049146584,535.7002108861138
T2_E5,Bicopfamily.student,0,-31.30886152246086,91.38227695507828,484.2747273497263
T2_E6,Indep,0,0.0,0.0,0.0
T2_E7,Indep,0,0.0,0.0,0.0
T2_E8,Indep,0,0.0,0.0,0.0
T2_E9,Bicopfamily.gumbel,90,3.9611115117624354,43.92222302352487,135.76721142746854
T2_E10,Bicopfamily.gaussian,0,-11.260380617995658,129.4792387640087,517.2691898028819
T2_E11,Indep,0,0.0,0.0,0.0
T2_E12,Bicopfamily.student,0,5.049053128288516,164.09810625657704,556.990556651225
T2_E13,Bicopfamily.gaussian,0,-620.3444296612311,-1088.6888593224621,-700.8989082835889
T2_E14,Bicopfamily.student,0,10.793613229957606,175.5872264599152,568.4796768545632
T2_E15,Indep,0,0.0,0.0,0.0
T2_E16,Indep,0,0.0,0.0,0.0
T2_E17,Bicopfamily.student,0,-26.95533905834209,100.08932188331582,492.98177227796384
T2_E18,Bicopfamily.student,0,-3.382723218440165,147.23455356311968,540.1270039577677
T2_E19,Bicopfamily.student,0,-22.51137286274382,108.97725427451236,501.86970466916034
T2_E20,Indep,0,0.0,0.0,0.0
T2_E21,Bicopfamily.student,0,-305.8202865890519,-457.64057317810375,-64.74812278345576
T2_E22,Bicopfamily.gumbel,0,-615.0381711385361,-1194.0763422770722,-1102.2313538731285
T2_E23,Indep,0,0.0,0.0,0.0
T2_E24,Bicopfamily.student,0,-1.5897571021641512,150.8204857956717,543.7129361903197
T2_E25,Indep,0,0.0,0.0,0.0
T2_E26,Indep,0,0.0,0.0,0.0
T2_E27,Bicopfamily.student,0,-6.5024032205697235,140.99519355886056,533.8876439535086
T2_E28,Indep,0,0.0,0.0,0.0
T2_E29,Indep,0,0.0,0.0,0.0
T2_E30,Bicopfamily.gaussian,0,-12.634964950657984,126.73007009868402,514.5200211375573
T2_E31,Bicopfamily.frank,0,-50.42780888372805,495.1443822325439,2015.6891902533891
T2_E32,Indep,0,0.0,0.0,0.0
T2_E33,Bicopfamily.student,0,-30.897233713901677,92.20553257219665,485.09798296684465
T2_E34,Bicopfamily.frank,0,-160.43703793130834,275.1259241373833,1795.6707321582285
T2_E35,Bicopfamily.gaussian,0,-286.25846715986216,-420.5169343197243,-32.72698328085107
T2_E36,Bicopfamily.student,0,-37.591999138889264,78.81600172222147,471.70845211686947
T2_E37,Bicopfamily.student,0,-336.9495938959475,-519.899187791895,-127.00673739724698
T2_E38,Bicopfamily.student,0,-213.44825867085052,-272.89651734170104,119.99593305294695
T2_E39,Bicopfamily.frank,0,-274.27378375387394,47.452432492252115,1567.9972405130975
T2_E40,Bicopfamily.student,0,-269.3204243254778,-384.6408486509556,8.25160174369239
T2_E41,Indep,0,0.0,0.0,0.0
T2_E42,Bicopfamily.gaussian,0,-3.902517289197283,144.19496542160545,531.9849164604786
T2_E43,Bicopfamily.frank,0,-88.10909784597291,419.7818043080542,1940.3266123288995
T2_E44,Indep,0,0.0,0.0,0.0
T2_E45,Bicopfamily.frank,0,-129.2865060976421,337.4269878047158,1857.971795825561
T2_E46,Bicopfamily.frank,0,-61.18292261850799,473.63415476298405,1994.1789627838293
T2_E47,Bicopfamily.frank,0,-611.7550487810653,-627.5100975621306,893.0347104587147
T2_E48,Bicopfamily.frank,0,-26.676211931684055,542.6475761366319,2063.192384157477
T2_E49,Indep,0,0.0,0.0,0.0
T2_E50,Bicopfamily.gumbel,90,1.9665425562975276,39.93308511259505,131.77807351653874
T2_E51,Bicopfamily.student,0,-202.54514700304748,-251.09029400609495,141.80215638855304
T2_E52,Bicopfamily.gaussian,0,-15.869288670497337,120.26142265900532,508.0513736978786
T2_E53,Indep,0,0.0,0.0,0.0
T2_E54,Bicopfamily.frank,0,-345.8831022043844,-95.76620440876877,1424.7786036120765
T2_E55,Bicopfamily.student,0,5.860393603335623,165.72078720667125,558.6132376013193
T2_E56,Bicopfamily.frank,0,-81.51854324818626,432.9629135036275,1953.5077215244728
T2_E57,Bicopfamily.student,0,-9.84304956019704,134.3139008796059,527.206351274254
T2_E58,Indep,0,0.0,0.0,0.0
T3_E0,Bicopfamily.gumbel,270,-13.485465843295042,9.029068313409915,100.8740567173536
T3_E1,Indep,0,0.0,0.0,0.0
T3_E2,Indep,0,0.0,0.0,0.0
T3_E3,Indep,0,0.0,0.0,0.0
T3_E4,Indep,0,0.0,0.0,0.0
T3_E5,Indep,0,0.0,0.0,0.0
T3_E6,Indep,0,0.0,0.0,0.0
T3_E7,Indep,0,0.0,0.0,0.0
T3_E8,Indep,0,0.0,0.0,0.0
T3_E9,Indep,0,0.0,0.0,0.0
T3_E10,Indep,0,0.0,0.0,0.0
T3_E11,Bicopfamily.student,0,-11.94713266261715,130.1057346747657,522.9981850694137
T3_E12,Indep,0,0.0,0.0,0.0
T3_E13,Indep,0,0.0,0.0,0.0
T3_E14,Indep,0,0.0,0.0,0.0
T3_E15,Indep,0,0.0,0.0,0.0
T3_E16,Bicopfamily.student,0,-17.100673051265478,119.79865389746905,512.6911042921171
T3_E17,Bicopfamily.student,0,2.0341159533250988,158.0682319066502,550.9606823012982
T3_E18,Bicopfamily.gumbel,0,2.8643140804385814,41.728628160877165,133.57361656482084
T3_E19,Indep,0,0.0,0.0,0.0
T3_E20,Indep,0,0.0,0.0,0.0
T3_E21,Bicopfamily.student,0,-27.398214015055203,99.2035719698896,492.0960223645376
T3_E22,Bicopfamily.clayton,180,-21.556784467564814,552.8864310648704,2073.431239085716
T3_E23,Indep,0,0.0,0.0,0.0
T3_E24,Bicopfamily.student,0,-135.41394423698884,-116.82788847397768,276.0645619206703
T3_E25,Bicopfamily.frank,0,-181.5451349611093,232.90973007778138,1753.4545380986267
T3_E26,Indep,0,0.0,0.0,0.0
T3_E27,Bicopfamily.student,0,-3.1394054375004545,147.72118912499909,540.6136395196471
T3_E28,Indep,0,0.0,0.0,0.0
T3_E29,Bicopfamily.gaussian,0,-8.240770001642717,135.51845999671457,523.3084110355878
T3_E30,Bicopfamily.gaussian,0,-0.3443186339437193,151.31136273211257,539.1013137709858
T3_E31,Indep,0,0.0,0.0,0.0
T3_E32,Indep,0,0.0,0.0,0.0
T3_E33,Bicopfamily.student,0,-213.01991926691164,-272.0398385338233,120.85261186082471
T3_E34,Bicopfamily.student,0,-46.44011160539181,61.119776789216374,454.01222718386435
T3_E35,Indep,0,0.0,0.0,0.0
T3_E36,Bicopfamily.clayton,90,0.80103137892537,597.6020627578507,2118.146870778696
T3_E37,Bicopfamily.gaussian,0,-118.88011232047872,-85.76022464095743,302.02972639791585
T3_E38,Bicopfamily.clayton,90,-0.5558827128098809,594.8882345743802,2115.4330425952253
T3_E39,Bicopfamily.student,0,-10.750394997474796,132.4992100050504,525.3916603996984
T3_E40,Indep,0,0.0,0.0,0.0
T3_E41,Indep,0,0.0,0.0,0.0
T3_E42,Indep,0,0.0,0.0,0.0
T3_E43,Bicopfamily.gaussian,0,-0.777625734676233,150.44474853064753,538.2346995695208
T3_E44,Bicopfamily.student,0,3.930708435972423,161.86141687194484,554.7538672665928
T3_E45,Bicopfamily.gumbel,270,0.012759373579936173,36.02551874715987,127.87050715110355
T3_E46,Bicopfamily.frank,0,-65.16775081073305,465.6644983785339,1986.209306399379
T3_E47,Bicopfamily.student,0,-29.42502402477897,95.14995195044206,488.04240234509007
T3_E48,Bicopfamily.student,0,2.1876040339661538,158.3752080679323,551.2676584625804
T3_E49,Bicopfamily.frank,0,-70.26749888390472,455.46500223219056,1976.0098102530358
T3_E50,Bicopfamily.student,0,-18.923582244766322,116.15283551046736,509.04528590511535
T3_E51,Bicopfamily.gumbel,0,4.225531214589998,44.45106242918,136.29605083312367
T3_E52,Bicopfamily.gumbel,0,-0.8340056090663175,34.331988781867366,126.17697718581104
T3_E53,Bicopfamily.student,0,-31.204986615510126,91.59002676897975,484.4824771636277
T3_E54,Indep,0,0.0,0.0,0.0
T3_E55,Indep,0,0.0,0.0,0.0
T3_E56,Bicopfamily.frank,0,-344.52470960645644,-93.04941921291288,1427.4953888079324
T3_E57,Bicopfamily.clayton,90,5.554678193425671,607.1093563868513,2127.6541644076965
T4_E0,Bicopfamily.frank,0,-69.26434659977343,457.47130680045314,1978.0161148212983
T4_E1,Indep,0,0.0,0.0,0.0
T4_E2,Indep,0,0.0,0.0,0.0
T4_E3,Bicopfamily.student,0,-15.811169954850598,122.3776600902988,515.2701104849468
T4_E4,Indep,0,0.0,0.0,0.0
T4_E5,Bicopfamily.clayton,270,-40.18431145389789,515.6313770922043,2036.1761851130495
T4_E6,Bicopfamily.student,0,-2.4548087172529414,149.0903825654941,541.9828329601421
T4_E7,Indep,0,0.0,0.0,0.0
T4_E8,Bicopfamily.student,0,-3.863111511576234,146.27377697684753,539.1662273714956
T4_E9,Indep,0,0.0,0.0,0.0
T4_E10,Bicopfamily.frank,0,-72.6164269010913,450.7671461978174,1971.3119542186628
T4_E11,Indep,0,0.0,0.0,0.0
T4_E12,Indep,0,0.0,0.0,0.0
T4_E13,Indep,0,0.0,0.0,0.0
T4_E14,Bicopfamily.gumbel,270,9.902557647453005,55.80511529490601,147.65010369884968
T4_E15,Bicopfamily.clayton,90,-9.394711216570506,577.210577566859,2097.755385587704
T4_E16,Bicopfamily.student,0,-9.426937004292947,135.1461259914141,528.0385763860621
T4_E17,Bicopfamily.student,0,-7.265496506128573,139.46900698774286,532.3614573823909
T4_E18,Indep,0,0.0,0.0,0.0
T4_E19,Indep,0,0.0,0.0,0.0
T4_E20,Bicopfamily.student,0,-1.0934720421486228,151.81305591570276,544.7055063103508
T4_E21,Bicopfamily.clayton,90,-24.651365980943048,546.6972680381139,2067.2420760589594
T4_E22,Bicopfamily.frank,0,-252.1993352779306,91.6013294441388,1612.1461374649841
T4_E23,Bicopfamily.clayton,180,2.0942063160727296,600.1884126321455,2120.733220652991
T4_E24,Indep,0,0.0,0.0,0.0
T4_E25,Indep,0,0.0,0.0,0.0
T4_E26,Bicopfamily.frank,0,-81.32341628112094,433.3531674377581,1953.8979754586035
T4_E27,Bicopfamily.gumbel,270,-1.1718066267702092,33.65638674645958,125.50137515040325
T4_E28,Indep,0,0.0,0.0,0.0
T4_E29,Indep,0,0.0,0.0,0.0
T4_E30,Indep,0,0.0,0.0,0.0
T4_E31,Indep,0,0.0,0.0,0.0
T4_E32,Bicopfamily.frank,0,-112.77001483255992,370.45997033488015,1891.0047783557254
T4_E33,Bicopfamily.gumbel,180,-0.19018046717207193,35.61963906565585,127.46462746959953
T4_E34,Indep,0,0.0,0.0,0.0
T4_E35,Indep,0,0.0,0.0,0.0
T4_E36,Bicopfamily.frank,0,-123.88902420759607,348.22195158480787,1868.766759605653
T4_E37,Bicopfamily.student,0,-27.12328312279511,99.75343375440977,492.6458841490578
T4_E38,Bicopfamily.student,0,-2.7446067967790873,148.51078640644184,541.4032368010899
T4_E39,Indep,0,0.0,0.0,0.0
T4_E40,Bicopfamily.gumbel,180,-58.888738666975726,-81.77747733395145,10.067511069992221
T4_E41,Bicopfamily.clayton,0,-71.33600183517053,453.32799632965896,1973.872804350504
T4_E42,Indep,0,0.0,0.0,0.0
T4_E43,Bicopfamily.frank,0,-32.66554650065927,530.6689069986815,2051.2137150195267
T4_E44,Bicopfamily.frank,0,-84.56668602868663,426.86662794262674,1947.411435963472
T4_E45,Indep,0,0.0,0.0,0.0
T4_E46,Bicopfamily.student,0,3.5698475943527406,161.13969518870547,554.0321455833534
T4_E47,Indep,0,0.0,0.0,0.0
T4_E48,Bicopfamily.student,0,7.135949078867038,168.27189815773409,561.1643485523821
T4_E49,Bicopfamily.gumbel,90,-22.282655511376966,-8.565311022753932,83.27967738118974
T4_E50,Indep,0,0.0,0.0,0.0
T4_E51,Bicopfamily.student,0,-3.65714676297645,146.6857064740471,539.5781568686951
T4_E52,Bicopfamily.clayton,180,-14.566803215985322,566.8663935680294,2087.4112015888745
T4_E53,Indep,0,0.0,0.0,0.0
T4_E54,Bicopfamily.student,0,-28.93788544162658,96.12422911674685,489.01667951139484
T4_E55,Indep,0,0.0,0.0,0.0
T4_E56,Indep,0,0.0,0.0,0.0
T5_E0,Indep,0,0.0,0.0,0.0
T5_E1,Indep,0,0.0,0.0,0.0
T5_E2,Bicopfamily.student,0,-30.316669603293448,93.3666607934131,486.25911118806107
T5_E3,Indep,0,0.0,0.0,0.0
T5_E4,Bicopfamily.student,0,-19.655676637490902,114.6886467250182,507.5810971196662
T5_E5,Bicopfamily.frank,0,-61.196317773219405,473.6073644535612,1994.1521724744064
T5_E6,Bicopfamily.gaussian,0,-9.001126437858444,133.9977471242831,521.7876981631564
T5_E7,Indep,0,0.0,0.0,0.0
T5_E8,Indep,0,0.0,0.0,0.0
T5_E9,Bicopfamily.student,0,7.611875100666865,169.22375020133373,562.1162005959817
T5_E10,Indep,0,0.0,0.0,0.0
T5_E11,Indep,0,0.0,0.0,0.0
T5_E12,Bicopfamily.gaussian,0,-21.33592359057864,109.32815281884271,497.118103857716
T5_E13,Indep,0,0.0,0.0,0.0
T5_E14,Indep,0,0.0,0.0,0.0
T5_E15,Bicopfamily.frank,0,-134.29084873767414,327.4183025246517,1847.9631105454969
T5_E16,Bicopfamily.student,0,5.7661402482945485,165.5322804965891,558.4247308912371
T5_E17,Indep,0,0.0,0.0,0.0
T5_E18,Bicopfamily.student,0,-46.419320104568364,61.16135979086327,454.0538101855113
T5_E19,Indep,0,0.0,0.0,0.0
T5_E20,Indep,0,0.0,0.0,0.0
T5_E21,Bicopfamily.gaussian,0,-14.400303897437464,123.19939220512506,510.98934324399835
T5_E22,Bicopfamily.gumbel,270,5.014031636716776,46.02806327343355,137.87305167737722
T5_E23,Indep,0,0.0,0.0,0.0
T5_E24,Bicopfamily.clayton,270,1.8817404702732534,599.7634809405465,2120.3082889613916
T5_E25,Bicopfamily.student,0,-4.113934919599988,145.77213016080003,538.664580555448
T5_E26,Indep,0,0.0,0.0,0.0
T5_E27,Indep,0,0.0,0.0,0.0
T5_E28,Bicopfamily.gumbel,270,0.0027668678452049955,36.00553373569041,127.85052213963408
T5_E29,Bicopfamily.student,0,-3.2317157476828235,147.53656850463435,540.4290188992824
T5_E30,Indep,0,0.0,0.0,0.0
T5_E31,Indep,0,0.0,0.0,0.0
T5_E32,Indep,0,0.0,0.0,0.0
T5_E33,Bicopfamily.frank,0,-77.42480847916612,441.15038304166774,1961.695191062513
T5_E34,Bicopfamily.student,0,-29.04852117866184,95.90295764267631,488.7954080373243
T5_E35,Bicopfamily.clayton,90,0.09300209680245733,596.186004193605,2116.73081221445
T5_E36,Indep,0,0.0,0.0,0.0
T5_E37,Bicopfamily.student,0,-6.268846437606264,141.46230712478746,534.3547575194355
T5_E38,Indep,0,0.0,0.0,0.0
T5_E39,Indep,0,0.0,0.0,0.0
T5_E40,Indep,0,0.0,0.0,0.0
T5_E41,Bicopfamily.gumbel,90,-26.591052040407973,-17.182104080815947,74.66288432312773
T5_E42,Indep,0,0.0,0.0,0.0
T5_E43,Indep,0,0.0,0.0,0.0
T5_E44,Indep,0,0.0,0.0,0.0
T5_E45,Indep,0,0.0,0.0,0.0
T5_E46,Indep,0,0.0,0.0,0.0
T5_E47,Indep,0,0.0,0.0,0.0
T5_E48,Bicopfamily.student,0,21.99914667725939,197.99829335451878,590.8907437491667
T5_E49,Bicopfamily.student,0,-26.86422785731547,100.27154428536906,493.163994680017
T5_E50,Bicopfamily.frank,0,-75.8479314401589,444.3041371196822,1964.8489451405276
T5_E51,Indep,0,0.0,0.0,0.0
T5_E52,Bicopfamily.clayton,180,-47.72712462434096,500.5457507513181,2021.0905587721634
T5_E53,Bicopfamily.frank,0,-104.28840276672635,387.42319446654733,1907.9680024873926
T5_E54,Bicopfamily.gaussian,0,-4.971689953060568,142.05662009387888,529.8465711327522
T5_E55,Bicopfamily.student,0,-21.04027112515402,111.91945774969196,504.81190814433995
T6_E0,Indep,0,0.0,0.0,0.0
T6_E1,Indep,0,0.0,0.0,0.0
T6_E2,Indep,0,0.0,0.0,0.0
T6_E3,Indep,0,0.0,0.0,0.0
T6_E4,Bicopfamily.frank,0,-87.02964534151904,421.94070931696194,1942.485517337807
T6_E5,Indep,0,0.0,0.0,0.0
T6_E6,Indep,0,0.0,0.0,0.0
T6_E7,Bicopfamily.frank,0,-52.673811656290724,490.65237668741855,2011.1971847082639
T6_E8,Bicopfamily.student,0,-20.222251900367823,113.55549619926435,506.4479465939123
T6_E9,Indep,0,0.0,0.0,0.0
T6_E10,Indep,0,0.0,0.0,0.0
T6_E11,Indep,0,0.0,0.0,0.0
T6_E12,Indep,0,0.0,0.0,0.0
T6_E13,Indep,0,0.0,0.0,0.0
T6_E14,Bicopfamily.student,0,-22.409795401000604,109.18040919799878,502.0728595926468
T6_E15,Bicopfamily.frank,0,-68.68119963477686,458.63760073044625,1979.1824087512916
T6_E16,Bicopfamily.student,0,-18.362938314773558,117.27412337045288,510.1665737651009
T6_E17,Bicopfamily.gaussian,0,-13.968268877269937,124.06346224546013,511.8534132843334
T6_E18,Indep,0,0.0,0.0,0.0
T6_E19,Bicopfamily.student,0,4.175422532033519,162.35084506406704,555.243295458715
T6_E20,Bicopfamily.student,0,3.44012538400265,160.8802507680053,553.7727011626533
T6_E21,Indep,0,0.0,0.0,0.0
T6_E22,Indep,0,0.0,0.0,0.0
T6_E23,Indep,0,0.0,0.0,0.0
T6_E24,Indep,0,0.0,0.0,0.0
T6_E25,Indep,0,0.0,0.0,0.0
T6_E26,Bicopfamily.student,0,-5.133039549492475,143.73392090101504,536.626371295663
T6_E27,Indep,0,0.0,0.0,0.0
T6_E28,Indep,0,0.0,0.0,0.0
T6_E29,Indep,0,0.0,0.0,0.0
T6_E30,Indep,0,0.0,0.0,0.0
T6_E31,Indep,0,0.0,0.0,0.0
T6_E32,Indep,0,0.0,0.0,0.0
T6_E33,Indep,0,0.0,0.0,0.0
T6_E34,Bicopfamily.gaussian,0,-5.153621851348583,141.69275629730282,529.4827073361761
T6_E35,Indep,0,0.0,0.0,0.0
T6_E36,Indep,0,0.0,0.0,0.0
T6_E37,Indep,0,0.0,0.0,0.0
T6_E38,Indep,0,0.0,0.0,0.0
T6_E39,Bicopfamily.frank,0,-34.97988441006339,526.0402311798732,2046.5850392007185
T6_E40,Bicopfamily.student,0,0.46948363565277385,154.93896727130556,547.8314176659535
T6_E41,Bicopfamily.student,0,-86.97201202966161,-19.944024059323226,372.94842633532477
T6_E42,Indep,0,0.0,0.0,0.0
T6_E43,Bicopfamily.student,0,-27.893126915754486,98.21374616849103,491.106196563139
T6_E44,Indep,0,0.0,0.0,0.0
T6_E45,Bicopfamily.student,0,-8.692298022028645,136.61540395594272,529.5078543505907
T6_E46,Indep,0,0.0,0.0,0.0
T6_E47,Bicopfamily.clayton,90,-7.327969022878723,581.3440619542425,2101.888869975088
T6_E48,Bicopfamily.frank,0,-73.36567318872295,449.2686536225541,1969.8134616433995
T6_E49,Bicopfamily.gumbel,90,-2.3823202732445203,31.23535945351096,123.08034785745463
T6_E50,Bicopfamily.frank,0,-117.10680293819688,361.7863941236062,1882.3312021444515
T6_E51,Bicopfamily.frank,0,-134.8289690623206,326.3420618753588,1846.8868698962042
T6_E52,Indep,0,0.0,0.0,0.0
T6_E53,Indep,0,0.0,0.0,0.0
T6_E54,Indep,0,0.0,0.0,0.0
T7_E0,Bicopfamily.student,0,-32.215269880070544,89.56946023985891,482.4619106345069
T7_E1,Indep,0,0.0,0.0,0.0
T7_E2,Indep,0,0.0,0.0,0.0
T7_E3,Indep,0,0.0,0.0,0.0
T7_E4,Indep,0,0.0,0.0,0.0
T7_E5,Bicopfamily.student,0,-51.73758758954683,50.524824820906346,443.41727521555435
T7_E6,Bicopfamily.gaussian,0,-44.3647913543397,63.2704172913206,451.06036833019385
T7_E7,Indep,0,0.0,0.0,0.0
T7_E8,Bicopfamily.gumbel,0,-3.4724615963573147,29.05507680728537,120.90006521122905
T7_E9,Indep,0,0.0,0.0,0.0
T7_E10,Indep,0,0.0,0.0,0.0
T7_E11,Indep,0,0.0,0.0,0.0
T7_E12,Indep,0,0.0,0.0,0.0
T7_E13,Indep,0,0.0,0.0,0.0
T7_E14,Indep,0,0.0,0.0,0.0
T7_E15,Indep,0,0.0,0.0,0.0
T7_E16,Indep,0,0.0,0.0,0.0
T7_E17,Indep,0,0.0,0.0,0.0
T7_E18,Bicopfamily.gaussian,0,-37.995510013178425,76.00897997364315,463.7989310125164
T7_E19,Bicopfamily.gumbel,90,2.3619054622123556,40.72381092442471,132.56879932836839
T7_E20,Indep,0,0.0,0.0,0.0
T7_E21,Indep,0,0.0,0.0,0.0
T7_E22,Indep,0,0.0,0.0,0.0
T7_E23,Bicopfamily.student,0,-21.199980583576007,111.60003883284799,504.492489227496
T7_E24,Indep,0,0.0,0.0,0.0
T7_E25,Indep,0,0.0,0.0,0.0
T7_E26,Bicopfamily.frank,0,-81.53457887210729,432.9308422557854,1953.4756502766306
T7_E27,Indep,0,0.0,0.0,0.0
T7_E28,Bicopfamily.clayton,270,0.4211298949237373,596.8422597898475,2117.3870678106928
T7_E29,Bicopfamily.gaussian,0,-3.648288478718441,144.70342304256312,532.4933740814364
T7_E30,Indep,0,0.0,0.0,0.0
T7_E31,Indep,0,0.0,0.0,0.0
T7_E32,Indep,0,0.0,0.0,0.0
T7_E33,Bicopfamily.gumbel,90,-46.03554055679522,-56.07108111359044,35.773907290353236
T7_E34,Bicopfamily.gaussian,0,-8.099635552838143,135.80072889432373,523.590679933197
T7_E35,Bicopfamily.frank,0,-95.56096136379504,404.8780772724099,1925.4228852932551
T7_E36,Indep,0,0.0,0.0,0.0
T7_E37,Bicopfamily.frank,0,-40.91326910302498,514.1734617939501,2034.7182698147953
T7_E38,Indep,0,0.0,0.0,0.0
T7_E39,Indep,0,0.0,0.0,0.0
T7_E40,Indep,0,0.0,0.0,0.0
T7_E41,Bicopfamily.gumbel,270,3.394758375703506,42.789516751407014,134.6345051553507
T7_E42,Indep,0,0.0,0.0,0.0
T7_E43,Bicopfamily.frank,0,-53.21362904788595,489.5727419042281,2010.1175499250733
T7_E44,Indep,0,0.0,0.0,0.0
T7_E45,Bicopfamily.student,0,-13.015002286114633,127.96999542777073,520.8624458224187
T7_E46,Bicopfamily.frank,0,-70.37290829978849,455.254183400423,1975.7989914212683
T7_E47,Bicopfamily.gaussian,0,-31.824589931579546,88.35082013684091,476.1407711757142
T7_E48,Bicopfamily.frank,0,-48.91902828053442,498.1619434389312,2018.7067514597763
T7_E49,Bicopfamily.student,0,-4.859623661173342,144.2807526776533,537.1732030723014
T7_E50,Indep,0,0.0,0.0,0.0
T7_E51,Bicopfamily.student,0,-3.856590538024753,146.2868189239505,539.1792693185985
T7_E52,Indep,0,0.0,0.0,0.0
T7_E53,Bicopfamily.student,0,-15.307156427725264,123.38568714454948,516.2781375391975
T8_E0,Indep,0,0.0,0.0,0.0
T8_E1,Indep,0,0.0,0.0,0.0
T8_E2,Indep,0,0.0,0.0,0.0
T8_E3,Bicopfamily.frank,0,-60.2848643343859,475.4302713312282,1995.9750793520734
T8_E4,Indep,0,0.0,0.0,0.0
T8_E5,Bicopfamily.frank,0,-70.68757200102402,454.62485599795195,1975.1696640187972
T8_E6,Indep,0,0.0,0.0,0.0
T8_E7,Indep,0,0.0,0.0,0.0
T8_E8,Indep,0,0.0,0.0,0.0
T8_E9,Indep,0,0.0,0.0,0.0
T8_E10,Bicopfamily.student,0,-8.05634787038152,137.88730425923697,530.779754653885
T8_E11,Indep,0,0.0,0.0,0.0
T8_E12,Indep,0,0.0,0.0,0.0
T8_E13,Indep,0,0.0,0.0,0.0
T8_E14,Bicopfamily.gumbel,90,0.6693074967391972,37.338614993478394,129.18360339742208
T8_E15,Indep,0,0.0,0.0,0.0
T8_E16,Indep,0,0.0,0.0,0.0
T8_E17,Indep,0,0.0,0.0,0.0
T8_E18,Indep,0,0.0,0.0,0.0
T8_E19,Bicopfamily.gumbel,180,-3.110162751590908,29.779674496818185,121.62466290076186
T8_E20,Bicopfamily.student,0,-7.081098104367246,139.83780379126551,532.7302541859135
T8_E21,Indep,0,0.0,0.0,0.0
T8_E22,Bicopfamily.frank,0,-48.48077011719007,499.03845976561985,2019.583267786465
T8_E23,Bicopfamily.student,0,-22.82989318947616,108.34021362104768,501.23266401569566
T8_E24,Indep,0,0.0,0.0,0.0
T8_E25,Indep,0,0.0,0.0,0.0
T8_E26,Indep,0,0.0,0.0,0.0
T8_E27,Bicopfamily.gaussian,0,-15.320511479369824,121.35897704126035,509.1489280801336
T8_E28,Indep,0,0.0,0.0,0.0
T8_E29,Indep,0,0.0,0.0,0.0
T8_E30,Indep,0,0.0,0.0,0.0
T8_E31,Indep,0,0.0,0.0,0.0
T8_E32,Indep,0,0.0,0.0,0.0
T8_E33,Bicopfamily.clayton,90,-9.764204970355248,576.4715900592895,2097.016398080135
T8_E34,Indep,0,0.0,0.0,0.0
T8_E35,Indep,0,0.0,0.0,0.0
T8_E36,Bicopfamily.clayton,90,-0.03243018089480426,595.9351396382104,2116.4799476590556
T8_E37,Indep,0,0.0,0.0,0.0
T8_E38,Indep,0,0.0,0.0,0.0
T8_E39,Bicopfamily.clayton,0,-0.17265277533440881,595.6546944493311,2116.1995024701764
T8_E40,Indep,0,0.0,0.0,0.0
T8_E41,Bicopfamily.frank,0,-54.988859468736926,486.02228106252613,2006.5670890833715
T8_E42,Bicopfamily.frank,0,-108.68255760475003,378.63488479049994,1899.1796928113451
T8_E43,Bicopfamily.frank,0,-80.3776745951734,435.2446508096532,1955.7894588304985
T8_E44,Indep,0,0.0,0.0,0.0
T8_E45,Indep,0,0.0,0.0,0.0
T8_E46,Bicopfamily.student,0,17.26059966161174,188.52119932322347,581.4136497178715
T8_E47,Indep,0,0.0,0.0,0.0
T8_E48,Indep,0,0.0,0.0,0.0
T8_E49,Bicopfamily.student,0,-2.3371929058650975,149.3256141882698,542.2180645829178
T8_E50,Bicopfamily.frank,0,-101.05175328963543,393.89649342072914,1914.4413014415745
T8_E51,Bicopfamily.student,0,-34.32053995501618,85.35892008996764,478.2513704846156
T8_E52,Bicopfamily.frank,0,-64.3841240555261,467.23175188894777,1987.7765599097931
T9_E0,Indep,0,0.0,0.0,0.0
T9_E1,Indep,0,0.0,0.0,0.0
T9_E2,Indep,0,0.0,0.0,0.0
T9_E3,Indep,0,0.0,0.0,0.0
T9_E4,Indep,0,0.0,0.0,0.0
T9_E5,Bicopfamily.student,0,1.2451028560323523,156.4902057120647,549.3826561067127
T9_E6,Indep,0,0.0,0.0,0.0
T9_E7,Bicopfamily.student,0,-21.98295630415145,110.0340873916971,502.9265377863451
T9_E8,Bicopfamily.student,0,-11.073019661830205,131.8539606763396,524.7464110709876
T9_E9,Indep,0,0.0,0.0,0.0
T9_E10,Indep,0,0.0,0.0,0.0
T9_E11,Bicopfamily.clayton,0,0.2555429788779666,596.5110859577559,2117.055893978601
T9_E12,Indep,0,0.0,0.0,0.0
T9_E13,Indep,0,0.0,0.0,0.0
T9_E14,Indep,0,0.0,0.0,0.0
T9_E15,Bicopfamily.student,0,-5.85882726770954,142.2823454645809,535.1747958592289
T9_E16,Bicopfamily.student,0,9.109598470273998,172.219196940548,565.111647335196
T9_E17,Indep,0,0.0,0.0,0.0
T9_E18,Indep,0,0.0,0.0,0.0
T9_E19,Bicopfamily.student,0,0.20963506483099936,154.419270129662,547.31172052431
T9_E20,Bicopfamily.frank,0,-70.03706004674535,455.9258799065093,1976.4706879273544
T9_E21,Bicopfamily.student,0,-12.820654569234499,128.358690861531,521.251141256179
T9_E22,Bicopfamily.clayton,90,-8.007117034653028,579.9857659306939,2100.5305739515393
T9_E23,Indep,0,0.0,0.0,0.0
T9_E24,Indep,0,0.0,0.0,0.0
T9_E25,Indep,0,0.0,0.0,0.0
T9_E26,Bicopfamily.frank,0,-82.59041153956244,430.8191769208751,1951.3639849417204
T9_E27,Indep,0,0.0,0.0,0.0
T9_E28,Indep,0,0.0,0.0,0.0
T9_E29,Bicopfamily.frank,0,-66.44519197342892,463.1096160531422,1983.6544240739875
T9_E30,Bicopfamily.gaussian,0,-108.54589173337905,-65.0917834667581,322.69816757211515
T9_E31,Indep,0,0.0,0.0,0.0
T9_E32,Indep,0,0.0,0.0,0.0
T9_E33,Indep,0,0.0,0.0,0.0
T9_E34,Bicopfamily.gaussian,0,-10.671698117938853,130.65660376412228,518.4465548029956
T9_E35,Indep,0,0.0,0.0,0.0
T9_E36,Bicopfamily.frank,0,-36.31509358009543,523.3698128398091,2043.9146208606544
T9_E37,Bicopfamily.student,0,-21.090833953917215,111.81833209216558,504.71078248681357
T9_E38,Indep,0,0.0,0.0,0.0
T9_E39,Indep,0,0.0,0.0,0.0
T9_E40,Indep,0,0.0,0.0,0.0
T9_E41,Indep,0,0.0,0.0,0.0
T9_E42,Indep,0,0.0,0.0,0.0
T9_E43,Indep,0,0.0,0.0,0.0
T9_E44,Indep,0,0.0,0.0,0.0
T9_E45,Bicopfamily.student,0,12.154932594109802,178.3098651882196,571.2023155828676
T9_E46,Indep,0,0.0,0.0,0.0
T9_E47,Bicopfamily.frank,0,-88.45640774395716,419.0871845120857,1939.631992532931
T9_E48,Indep,0,0.0,0.0,0.0
T9_E49,Bicopfamily.frank,0,-115.71038472060073,364.57923055879854,1885.1240385796439
T9_E50,Bicopfamily.student,0,6.466119981095154,166.9322399621903,559.8246903568383
T9_E51,Indep,0,0.0,0.0,0.0
T10_E0,Indep,0,0.0,0.0,0.0
T10_E1,Indep,0,0.0,0.0,0.0
T10_E2,Indep,0,0.0,0.0,0.0
T10_E3,Indep,0,0.0,0.0,0.0
T10_E4,Indep,0,0.0,0.0,0.0
T10_E5,Indep,0,0.0,0.0,0.0
T10_E6,Indep,0,0.0,0.0,0.0
T10_E7,Indep,0,0.0,0.0,0.0
T10_E8,Bicopfamily.student,0,5.6532101663008305,165.30642033260165,558.1988707272496
T10_E9,Indep,0,0.0,0.0,0.0
T10_E10,Indep,0,0.0,0.0,0.0
T10_E11,Indep,0,0.0,0.0,0.0
T10_E12,Indep,0,0.0,0.0,0.0
T10_E13,Indep,0,0.0,0.0,0.0
T10_E14,Indep,0,0.0,0.0,0.0
T10_E15,Bicopfamily.student,0,0.40513859714882605,154.81027719429764,547.7027275889457
T10_E16,Bicopfamily.gaussian,0,-7.676204344820226,136.64759131035956,524.4375423492328
T10_E17,Bicopfamily.frank,0,-63.41249338119296,469.17501323761405,1989.7198212584594
T10_E18,Indep,0,0.0,0.0,0.0
T10_E19,Indep,0,0.0,0.0,0.0
T10_E20,Bicopfamily.student,0,8.586685540681147,171.1733710813623,564.0658214760103
T10_E21,Indep,0,0.0,0.0,0.0
T10_E22,Bicopfamily.frank,0,-28.981640221809293,538.0367195563814,2058.5815275772266
T10_E23,Indep,0,0.0,0.0,0.0
T10_E24,Indep,0,0.0,0.0,0.0
T10_E25,Bicopfamily.clayton,270,0.25237557566039276,596.5047511513208,2117.049559172166
T10_E26,Indep,0,0.0,0.0,0.0
T10_E27,Indep,0,0.0,0.0,0.0
T10_E28,Indep,0,0.0,0.0,0.0
T10_E29,Indep,0,0.0,0.0,0.0
T10_E30,Indep,0,0.0,0.0,0.0
T10_E31,Bicopfamily.student,0,0.5781785764863524,155.1563571529727,548.0488075476208
T10_E32,Indep,0,0.0,0.0,0.0
T10_E33,Bicopfamily.frank,0,-129.7468479581124,336.5063040837752,1857.0511121046204
T10_E34,Bicopfamily.frank,0,-43.29149868206658,509.4170026358668,2029.961810656712
T10_E35,Indep,0,0.0,0.0,0.0
T10_E36,Bicopfamily.frank,0,-78.0213463694709,439.9573072610582,1960.5021152819036
T10_E37,Bicopfamily.student,0,-1.1429845098394216,151.71403098032116,544.6064813749691
T10_E38,Indep,0,0.0,0.0,0.0
T10_E39,Indep,0,0.0,0.0,0.0
T10_E40,Bicopfamily.student,0,-13.483259428308736,127.03348114338253,519.9259315380306
T10_E41,Bicopfamily.frank,0,-17.01489384935816,561.9702123012837,2082.5150203221287
T10_E42,Indep,0,0.0,0.0,0.0
T10_E43,Indep,0,0.0,0.0,0.0
T10_E44,Indep,0,0.0,0.0,0.0
T10_E45,Indep,0,0.0,0.0,0.0
T10_E46,Bicopfamily.frank,0,-74.680958217975,446.63808356405,1967.1828915848953
T10_E47,Indep,0,0.0,0.0,0.0
T10_E48,Indep,0,0.0,0.0,0.0
T10_E49,Indep,0,0.0,0.0,0.0
T10_E50,Indep,0,0.0,0.0,0.0
T11_E0,Indep,0,0.0,0.0,0.0
T11_E1,Indep,0,0.0,0.0,0.0
T11_E2,Indep,0,0.0,0.0,0.0
T11_E3,Indep,0,0.0,0.0,0.0
T11_E4,Indep,0,0.0,0.0,0.0
T11_E5,Indep,0,0.0,0.0,0.0
T11_E6,Indep,0,0.0,0.0,0.0
T11_E7,Indep,0,0.0,0.0,0.0
T11_E8,Indep,0,0.0,0.0,0.0
T11_E9,Indep,0,0.0,0.0,0.0
T11_E10,Indep,0,0.0,0.0,0.0
T11_E11,Indep,0,0.0,0.0,0.0
T11_E12,Indep,0,0.0,0.0,0.0
T11_E13,Indep,0,0.0,0.0,0.0
T11_E14,Indep,0,0.0,0.0,0.0
T11_E15,Indep,0,0.0,0.0,0.0
T11_E16,Bicopfamily.gaussian,0,-1.2090517770645115,149.58189644587097,537.3718474847442
T11_E17,Bicopfamily.gumbel,270,2.5946594061812682,41.18931881236254,133.03430721630622
T11_E18,Indep,0,0.0,0.0,0.0
T11_E19,Bicopfamily.gaussian,0,-13.788943947055984,124.42211210588803,512.2120631447613
T11_E20,Bicopfamily.frank,0,-73.14911820917195,449.7017635816561,1970.2465716025013
T11_E21,Bicopfamily.gaussian,0,-11.539492072218101,128.9210158555638,516.7109668944371
T11_E22,Indep,0,0.0,0.0,0.0
T11_E23,Indep,0,0.0,0.0,0.0
T11_E24,Indep,0,0.0,0.0,0.0
T11_E25,Indep,0,0.0,0.0,0.0
T11_E26,Bicopfamily.student,0,-17.201860035350254,119.5962799292995,512.4887303239475
T11_E27,Indep,0,0.0,0.0,0.0
T11_E28,Indep,0,0.0,0.0,0.0
T11_E29,Bicopfamily.gaussian,0,-12.020245382703104,127.9595092345938,515.7494602734671
T11_E30,Bicopfamily.student,0,-5.7332591913124435,142.53348161737512,535.425932012023
T11_E31,Indep,0,0.0,0.0,0.0
T11_E32,Indep,0,0.0,0.0,0.0
T11_E33,Indep,0,0.0,0.0,0.0
T11_E34,Indep,0,0.0,0.0,0.0
T11_E35,Indep,0,0.0,0.0,0.0
T11_E36,Bicopfamily.gaussian,0,-17.083478952113534,117.83304209577292,505.6229931346462
T11_E37,Bicopfamily.student,0,-6.37576431038177,141.24847137923646,534.1409217738844
T11_E38,Indep,0,0.0,0.0,0.0
T11_E39,Indep,0,0.0,0.0,0.0
T11_E40,Indep,0,0.0,0.0,0.0
T11_E41,Bicopfamily.gumbel,180,1.1680361038450107,38.33607220769002,130.18106061163368
T11_E42,Bicopfamily.frank,0,-123.71866954991417,348.56266090017164,1869.107468921017
T11_E43,Bicopfamily.gumbel,180,1.5782798921579728,39.156559784315945,131.00154818825962
T11_E44,Bicopfamily.frank,0,-81.79553791737703,432.40892416524594,1952.9537321860912
T11_E45,Indep,0,0.0,0.0,0.0
T11_E46,Indep,0,0.0,0.0,0.0
T11_E47,Bicopfamily.frank,0,-101.04106639270273,393.91786721459454,1914.4626752354397
T11_E48,Indep,0,0.0,0.0,0.0
T11_E49,Indep,0,0.0,0.0,0.0
T12_E0,Indep,0,0.0,0.0,0.0
T12_E1,Indep,0,0.0,0.0,0.0
T12_E2,Indep,0,0.0,0.0,0.0
T12_E3,Indep,0,0.0,0.0,0.0
T12_E4,Indep,0,0.0,0.0,0.0
T12_E5,Indep,0,0.0,0.0,0.0
T12_E6,Indep,0,0.0,0.0,0.0
T12_E7,Indep,0,0.0,0.0,0.0
T12_E8,Indep,0,0.0,0.0,0.0
T12_E9,Indep,0,0.0,0.0,0.0
T12_E10,Bicopfamily.gaussian,0,-3.642614830142283,144.71477033971544,532.5047213785887
T12_E11,Indep,0,0.0,0.0,0.0
T12_E12,Indep,0,0.0,0.0,0.0
T12_E13,Indep,0,0.0,0.0,0.0
T12_E14,Indep,0,0.0,0.0,0.0
T12_E15,Indep,0,0.0,0.0,0.0
T12_E16,Bicopfamily.frank,0,-71.26757451755083,453.46485096489835,1974.0096589857435
T12_E17,Indep,0,0.0,0.0,0.0
T12_E18,Indep,0,0.0,0.0,0.0
T12_E19,Bicopfamily.frank,0,-44.794399964674916,506.4112000706502,2026.9560080914955
T12_E20,Bicopfamily.gumbel,0,1.80711709539723,39.61423419079446,131.45922259473812
T12_E21,Bicopfamily.frank,0,-63.170779240442705,469.6584415191146,1990.2032495399599
T12_E22,Indep,0,0.0,0.0,0.0
T12_E23,Indep,0,0.0,0.0,0.0
T12_E24,Indep,0,0.0,0.0,0.0
T12_E25,Indep,0,0.0,0.0,0.0
T12_E26,Indep,0,0.0,0.0,0.0
T12_E27,Indep,0,0.0,0.0,0.0
T12_E28,Bicopfamily.student,0,-24.758458651617826,104.48308269676434,497.37553309141236
T12_E29,Indep,0,0.0,0.0,0.0
T12_E30,Indep,0,0.0,0.0,0.0
T12_E31,Indep,0,0.0,0.0,0.0
T12_E32,Indep,0,0.0,0.0,0.0
T12_E33,Indep,0,0.0,0.0,0.0
T12_E34,Indep,0,0.0,0.0,0.0
T12_E35,Indep,0,0.0,0.0,0.0
T12_E36,Indep,0,0.0,0.0,0.0
T12_E37,Indep,0,0.0,0.0,0.0
T12_E38,Bicopfamily.frank,0,-50.43092296058323,495.1381540788335,2015.682962099679
T12_E39,Bicopfamily.gaussian,0,-2.9597836135299067,146.08043277294018,533.8703838118134
T12_E40,Indep,0,0.0,0.0,0.0
T12_E41,Indep,0,0.0,0.0,0.0
T12_E42,Indep,0,0.0,0.0,0.0
T12_E43,Indep,0,0.0,0.0,0.0
T12_E44,Indep,0,0.0,0.0,0.0
T12_E45,Bicopfamily.clayton,180,0.8502956341626429,597.7005912683253,2118.2453992891706
T12_E46,Indep,0,0.0,0.0,0.0
T12_E47,Indep,0,0.0,0.0,0.0
T12_E48,Indep,0,0.0,0.0,0.0
T13_E0,Indep,0,0.0,0.0,0.0
T13_E1,Indep,0,0.0,0.0,0.0
T13_E2,Indep,0,0.0,0.0,0.0
T13_E3,Indep,0,0.0,0.0,0.0
T13_E4,Indep,0,0.0,0.0,0.0
T13_E5,Indep,0,0.0,0.0,0.0
T13_E6,Indep,0,0.0,0.0,0.0
T13_E7,Indep,0,0.0,0.0,0.0
T13_E8,Indep,0,0.0,0.0,0.0
T13_E9,Indep,0,0.0,0.0,0.0
T13_E10,Indep,0,0.0,0.0,0.0
T13_E11,Indep,0,0.0,0.0,0.0
T13_E12,Indep,0,0.0,0.0,0.0
T13_E13,Indep,0,0.0,0.0,0.0
T13_E14,Indep,0,0.0,0.0,0.0
T13_E15,Indep,0,0.0,0.0,0.0
T13_E16,Indep,0,0.0,0.0,0.0
T13_E17,Indep,0,0.0,0.0,0.0
T13_E18,Indep,0,0.0,0.0,0.0
T13_E19,Indep,0,0.0,0.0,0.0
T13_E20,Indep,0,0.0,0.0,0.0
T13_E21,Indep,0,0.0,0.0,0.0
T13_E22,Indep,0,0.0,0.0,0.0
T13_E23,Indep,0,0.0,0.0,0.0
T13_E24,Indep,0,0.0,0.0,0.0
T13_E25,Indep,0,0.0,0.0,0.0
T13_E26,Indep,0,0.0,0.0,0.0
T13_E27,Indep,0,0.0,0.0,0.0
T13_E28,Indep,0,0.0,0.0,0.0
T13_E29,Indep,0,0.0,0.0,0.0
T13_E30,Indep,0,0.0,0.0,0.0
T13_E31,Indep,0,0.0,0.0,0.0
T13_E32,Indep,0,0.0,0.0,0.0
T13_E33,Indep,0,0.0,0.0,0.0
T13_E34,Indep,0,0.0,0.0,0.0
T13_E35,Indep,0,0.0,0.0,0.0
T13_E36,Indep,0,0.0,0.0,0.0
T13_E37,Indep,0,0.0,0.0,0.0
T13_E38,Indep,0,0.0,0.0,0.0
T13_E39,Indep,0,0.0,0.0,0.0
T13_E40,Indep,0,0.0,0.0,0.0
T13_E41,Indep,0,0.0,0.0,0.0
T13_E42,Indep,0,0.0,0.0,0.0
T13_E43,Indep,0,0.0,0.0,0.0
T13_E44,Indep,0,0.0,0.0,0.0
T13_E45,Indep,0,0.0,0.0,0.0
T13_E46,Indep,0,0.0,0.0,0.0
T13_E47,Indep,0,0.0,0.0,0.0
T14_E0,Indep,0,0.0,0.0,0.0
T14_E1,Indep,0,0.0,0.0,0.0
T14_E2,Indep,0,0.0,0.0,0.0
T14_E3,Indep,0,0.0,0.0,0.0
T14_E4,Indep,0,0.0,0.0,0.0
T14_E5,Indep,0,0.0,0.0,0.0
T14_E6,Indep,0,0.0,0.0,0.0
T14_E7,Indep,0,0.0,0.0,0.0
T14_E8,Indep,0,0.0,0.0,0.0
T14_E9,Indep,0,0.0,0.0,0.0
T14_E10,Indep,0,0.0,0.0,0.0
T14_E11,Indep,0,0.0,0.0,0.0
T14_E12,Indep,0,0.0,0.0,0.0
T14_E13,Indep,0,0.0,0.0,0.0
T14_E14,Indep,0,0.0,0.0,0.0
T14_E15,Indep,0,0.0,0.0,0.0
T14_E16,Indep,0,0.0,0.0,0.0
T14_E17,Indep,0,0.0,0.0,0.0
T14_E18,Indep,0,0.0,0.0,0.0
T14_E19,Indep,0,0.0,0.0,0.0
T14_E20,Indep,0,0.0,0.0,0.0
T14_E21,Indep,0,0.0,0.0,0.0
T14_E22,Indep,0,0.0,0.0,0.0
T14_E23,Indep,0,0.0,0.0,0.0
T14_E24,Indep,0,0.0,0.0,0.0
T14_E25,Indep,0,0.0,0.0,0.0
T14_E26,Indep,0,0.0,0.0,0.0
T14_E27,Indep,0,0.0,0.0,0.0
T14_E28,Indep,0,0.0,0.0,0.0
T14_E29,Indep,0,0.0,0.0,0.0
T14_E30,Indep,0,0.0,0.0,0.0
T14_E31,Indep,0,0.0,0.0,0.0
T14_E32,Indep,0,0.0,0.0,0.0
T14_E33,Indep,0,0.0,0.0,0.0
T14_E34,Indep,0,0.0,0.0,0.0
T14_E35,Indep,0,0.0,0.0,0.0
T14_E36,Indep,0,0.0,0.0,0.0
T14_E37,Indep,0,0.0,0.0,0.0
T14_E38,Indep,0,0.0,0.0,0.0
T14_E39,Indep,0,0.0,0.0,0.0
T14_E40,Indep,0,0.0,0.0,0.0
T14_E41,Indep,0,0.0,0.0,0.0
T14_E42,Indep,0,0.0,0.0,0.0
T14_E43,Indep,0,0.0,0.0,0.0
T14_E44,Indep,0,0.0,0.0,0.0
T14_E45,Indep,0,0.0,0.0,0.0
T14_E46,Indep,0,0.0,0.0,0.0
T15_E0,Indep,0,0.0,0.0,0.0
T15_E1,Indep,0,0.0,0.0,0.0
T15_E2,Indep,0,0.0,0.0,0.0
T15_E3,Indep,0,0.0,0.0,0.0
T15_E4,Indep,0,0.0,0.0,0.0
T15_E5,Indep,0,0.0,0.0,0.0
T15_E6,Indep,0,0.0,0.0,0.0
T15_E7,Indep,0,0.0,0.0,0.0
T15_E8,Indep,0,0.0,0.0,0.0
T15_E9,Indep,0,0.0,0.0,0.0
T15_E10,Indep,0,0.0,0.0,0.0
T15_E11,Indep,0,0.0,0.0,0.0
T15_E12,Indep,0,0.0,0.0,0.0
T15_E13,Indep,0,0.0,0.0,0.0
T15_E14,Indep,0,0.0,0.0,0.0
T15_E15,Indep,0,0.0,0.0,0.0
T15_E16,Indep,0,0.0,0.0,0.0
T15_E17,Indep,0,0.0,0.0,0.0
T15_E18,Indep,0,0.0,0.0,0.0
T15_E19,Indep,0,0.0,0.0,0.0
T15_E20,Indep,0,0.0,0.0,0.0
T15_E21,Indep,0,0.0,0.0,0.0
T15_E22,Indep,0,0.0,0.0,0.0
T15_E23,Indep,0,0.0,0.0,0.0
T15_E24,Indep,0,0.0,0.0,0.0
T15_E25,Indep,0,0.0,0.0,0.0
T15_E26,Indep,0,0.0,0.0,0.0
T15_E27,Indep,0,0.0,0.0,0.0
T15_E28,Indep,0,0.0,0.0,0.0
T15_E29,Indep,0,0.0,0.0,0.0
T15_E30,Indep,0,0.0,0.0,0.0
T15_E31,Indep,0,0.0,0.0,0.0
T15_E32,Indep,0,0.0,0.0,0.0
T15_E33,Indep,0,0.0,0.0,0.0
T15_E34,Indep,0,0.0,0.0,0.0
T15_E35,Indep,0,0.0,0.0,0.0
T15_E36,Indep,0,0.0,0.0,0.0
T15_E37,Indep,0,0.0,0.0,0.0
T15_E38,Indep,0,0.0,0.0,0.0
T15_E39,Indep,0,0.0,0.0,0.0
T15_E40,Indep,0,0.0,0.0,0.0
T15_E41,Indep,0,0.0,0.0,0.0
T15_E42,Indep,0,0.0,0.0,0.0
T15_E43,Indep,0,0.0,0.0,0.0
T15_E44,Indep,0,0.0,0.0,0.0
T15_E45,Indep,0,0.0,0.0,0.0
T16_E0,Indep,0,0.0,0.0,0.0
T16_E1,Indep,0,0.0,0.0,0.0
T16_E2,Indep,0,0.0,0.0,0.0
T16_E3,Indep,0,0.0,0.0,0.0
T16_E4,Indep,0,0.0,0.0,0.0
T16_E5,Indep,0,0.0,0.0,0.0
T16_E6,Indep,0,0.0,0.0,0.0
T16_E7,Indep,0,0.0,0.0,0.0
T16_E8,Indep,0,0.0,0.0,0.0
T16_E9,Indep,0,0.0,0.0,0.0
T16_E10,Indep,0,0.0,0.0,0.0
T16_E11,Indep,0,0.0,0.0,0.0
T16_E12,Indep,0,0.0,0.0,0.0
T16_E13,Indep,0,0.0,0.0,0.0
T16_E14,Indep,0,0.0,0.0,0.0
T16_E15,Indep,0,0.0,0.0,0.0
T16_E16,Indep,0,0.0,0.0,0.0
T16_E17,Indep,0,0.0,0.0,0.0
T16_E18,Indep,0,0.0,0.0,0.0
T16_E19,Indep,0,0.0,0.0,0.0
T16_E20,Indep,0,0.0,0.0,0.0
T16_E21,Indep,0,0.0,0.0,0.0
T16_E22,Indep,0,0.0,0.0,0.0
T16_E23,Indep,0,0.0,0.0,0.0
T16_E24,Indep,0,0.0,0.0,0.0
T16_E25,Indep,0,0.0,0.0,0.0
T16_E26,Indep,0,0.0,0.0,0.0
T16_E27,Indep,0,0.0,0.0,0.0
T16_E28,Indep,0,0.0,0.0,0.0
T16_E29,Indep,0,0.0,0.0,0.0
T16_E30,Indep,0,0.0,0.0,0.0
T16_E31,Indep,0,0.0,0.0,0.0
T16_E32,Indep,0,0.0,0.0,0.0
T16_E33,Indep,0,0.0,0.0,0.0
T16_E34,Indep,0,0.0,0.0,0.0
T16_E35,Indep,0,0.0,0.0,0.0
T16_E36,Indep,0,0.0,0.0,0.0
T16_E37,Indep,0,0.0,0.0,0.0
T16_E38,Indep,0,0.0,0.0,0.0
T16_E39,Indep,0,0.0,0.0,0.0
T16_E40,Indep,0,0.0,0.0,0.0
T16_E41,Indep,0,0.0,0.0,0.0
T16_E42,Indep,0,0.0,0.0,0.0
T16_E43,Indep,0,0.0,0.0,0.0
T16_E44,Indep,0,0.0,0.0,0.0
T17_E0,Indep,0,0.0,0.0,0.0
T17_E1,Indep,0,0.0,0.0,0.0
T17_E2,Indep,0,0.0,0.0,0.0
T17_E3,Indep,0,0.0,0.0,0.0
T17_E4,Indep,0,0.0,0.0,0.0
T17_E5,Indep,0,0.0,0.0,0.0
T17_E6,Indep,0,0.0,0.0,0.0
T17_E7,Indep,0,0.0,0.0,0.0
T17_E8,Indep,0,0.0,0.0,0.0
T17_E9,Indep,0,0.0,0.0,0.0
T17_E10,Indep,0,0.0,0.0,0.0
T17_E11,Indep,0,0.0,0.0,0.0
T17_E12,Indep,0,0.0,0.0,0.0
T17_E13,Indep,0,0.0,0.0,0.0
T17_E14,Indep,0,0.0,0.0,0.0
T17_E15,Indep,0,0.0,0.0,0.0
T17_E16,Indep,0,0.0,0.0,0.0
T17_E17,Indep,0,0.0,0.0,0.0
T17_E18,Indep,0,0.0,0.0,0.0
T17_E19,Indep,0,0.0,0.0,0.0
T17_E20,Indep,0,0.0,0.0,0.0
T17_E21,Indep,0,0.0,0.0,0.0
T17_E22,Indep,0,0.0,0.0,0.0
T17_E23,Indep,0,0.0,0.0,0.0
T17_E24,Indep,0,0.0,0.0,0.0
T17_E25,Indep,0,0.0,0.0,0.0
T17_E26,Indep,0,0.0,0.0,0.0
T17_E27,Indep,0,0.0,0.0,0.0
T17_E28,Indep,0,0.0,0.0,0.0
T17_E29,Indep,0,0.0,0.0,0.0
T17_E30,Indep,0,0.0,0.0,0.0
T17_E31,Indep,0,0.0,0.0,0.0
T17_E32,Indep,0,0.0,0.0,0.0
T17_E33,Indep,0,0.0,0.0,0.0
T17_E34,Indep,0,0.0,0.0,0.0
T17_E35,Indep,0,0.0,0.0,0.0
T17_E36,Indep,0,0.0,0.0,0.0
T17_E37,Indep,0,0.0,0.0,0.0
T17_E38,Indep,0,0.0,0.0,0.0
T17_E39,Indep,0,0.0,0.0,0.0
T17_E40,Indep,0,0.0,0.0,0.0
T17_E41,Indep,0,0.0,0.0,0.0
T17_E42,Indep,0,0.0,0.0,0.0
T17_E43,Indep,0,0.0,0.0,0.0
T18_E0,Indep,0,0.0,0.0,0.0
T18_E1,Indep,0,0.0,0.0,0.0
T18_E2,Indep,0,0.0,0.0,0.0
T18_E3,Indep,0,0.0,0.0,0.0
T18_E4,Indep,0,0.0,0.0,0.0
T18_E5,Indep,0,0.0,0.0,0.0
T18_E6,Indep,0,0.0,0.0,0.0
T18_E7,Indep,0,0.0,0.0,0.0
T18_E8,Indep,0,0.0,0.0,0.0
T18_E9,Indep,0,0.0,0.0,0.0
T18_E10,Indep,0,0.0,0.0,0.0
T18_E11,Indep,0,0.0,0.0,0.0
T18_E12,Indep,0,0.0,0.0,0.0
T18_E13,Indep,0,0.0,0.0,0.0
T18_E14,Indep,0,0.0,0.0,0.0
T18_E15,Indep,0,0.0,0.0,0.0
T18_E16,Indep,0,0.0,0.0,0.0
T18_E17,Indep,0,0.0,0.0,0.0
T18_E18,Indep,0,0.0,0.0,0.0
T18_E19,Indep,0,0.0,0.0,0.0
T18_E20,Indep,0,0.0,0.0,0.0
T18_E21,Indep,0,0.0,0.0,0.0
T18_E22,Indep,0,0.0,0.0,0.0
T18_E23,Indep,0,0.0,0.0,0.0
T18_E24,Indep,0,0.0,0.0,0.0
T18_E25,Indep,0,0.0,0.0,0.0
T18_E26,Indep,0,0.0,0.0,0.0
T18_E27,Indep,0,0.0,0.0,0.0
T18_E28,Indep,0,0.0,0.0,0.0
T18_E29,Indep,0,0.0,0.0,0.0
T18_E30,Indep,0,0.0,0.0,0.0
T18_E31,Indep,0,0.0,0.0,0.0
T18_E32,Indep,0,0.0,0.0,0.0
T18_E33,Indep,0,0.0,0.0,0.0
T18_E34,Indep,0,0.0,0.0,0.0
T18_E35,Indep,0,0.0,0.0,0.0
T18_E36,Indep,0,0.0,0.0,0.0
T18_E37,Indep,0,0.0,0.0,0.0
T18_E38,Indep,0,0.0,0.0,0.0
T18_E39,Indep,0,0.0,0.0,0.0
T18_E40,Indep,0,0.0,0.0,0.0
T18_E41,Indep,0,0.0,0.0,0.0
T18_E42,Indep,0,0.0,0.0,0.0
T19_E0,Indep,0,0.0,0.0,0.0
T19_E1,Indep,0,0.0,0.0,0.0
T19_E2,Indep,0,0.0,0.0,0.0
T19_E3,Indep,0,0.0,0.0,0.0
T19_E4,Indep,0,0.0,0.0,0.0
T19_E5,Indep,0,0.0,0.0,0.0
T19_E6,Indep,0,0.0,0.0,0.0
T19_E7,Indep,0,0.0,0.0,0.0
T19_E8,Indep,0,0.0,0.0,0.0
T19_E9,Indep,0,0.0,0.0,0.0
T19_E10,Indep,0,0.0,0.0,0.0
T19_E11,Indep,0,0.0,0.0,0.0
T19_E12,Indep,0,0.0,0.0,0.0
T19_E13,Indep,0,0.0,0.0,0.0
T19_E14,Indep,0,0.0,0.0,0.0
T19_E15,Indep,0,0.0,0.0,0.0
T19_E16,Indep,0,0.0,0.0,0.0
T19_E17,Indep,0,0.0,0.0,0.0
T19_E18,Indep,0,0.0,0.0,0.0
T19_E19,Indep,0,0.0,0.0,0.0
T19_E20,Indep,0,0.0,0.0,0.0
T19_E21,Indep,0,0.0,0.0,0.0
T19_E22,Indep,0,0.0,0.0,0.0
T19_E23,Indep,0,0.0,0.0,0.0
T19_E24,Indep,0,0.0,0.0,0.0
T19_E25,Indep,0,0.0,0.0,0.0
T19_E26,Indep,0,0.0,0.0,0.0
T19_E27,Indep,0,0.0,0.0,0.0
T19_E28,Indep,0,0.0,0.0,0.0
T19_E29,Indep,0,0.0,0.0,0.0
T19_E30,Indep,0,0.0,0.0,0.0
T19_E31,Indep,0,0.0,0.0,0.0
T19_E32,Indep,0,0.0,0.0,0.0
T19_E33,Indep,0,0.0,0.0,0.0
T19_E34,Indep,0,0.0,0.0,0.0
T19_E35,Indep,0,0.0,0.0,0.0
T19_E36,Indep,0,0.0,0.0,0.0
T19_E37,Indep,0,0.0,0.0,0.0
T19_E38,Indep,0,0.0,0.0,0.0
T19_E39,Indep,0,0.0,0.0,0.0
T19_E40,Indep,0,0.0,0.0,0.0
T19_E41,Indep,0,0.0,0.0,0.0
T20_E0,Indep,0,0.0,0.0,0.0
T20_E1,Indep,0,0.0,0.0,0.0
T20_E2,Indep,0,0.0,0.0,0.0
T20_E3,Indep,0,0.0,0.0,0.0
T20_E4,Indep,0,0.0,0.0,0.0
T20_E5,Indep,0,0.0,0.0,0.0
T20_E6,Indep,0,0.0,0.0,0.0
T20_E7,Indep,0,0.0,0.0,0.0
T20_E8,Indep,0,0.0,0.0,0.0
T20_E9,Indep,0,0.0,0.0,0.0
T20_E10,Indep,0,0.0,0.0,0.0
T20_E11,Indep,0,0.0,0.0,0.0
T20_E12,Indep,0,0.0,0.0,0.0
T20_E13,Indep,0,0.0,0.0,0.0
T20_E14,Indep,0,0.0,0.0,0.0
T20_E15,Indep,0,0.0,0.0,0.0
T20_E16,Indep,0,0.0,0.0,0.0
T20_E17,Indep,0,0.0,0.0,0.0
T20_E18,Indep,0,0.0,0.0,0.0
T20_E19,Indep,0,0.0,0.0,0.0
T20_E20,Indep,0,0.0,0.0,0.0
T20_E21,Indep,0,0.0,0.0,0.0
T20_E22,Indep,0,0.0,0.0,0.0
T20_E23,Indep,0,0.0,0.0,0.0
T20_E24,Indep,0,0.0,0.0,0.0
T20_E25,Indep,0,0.0,0.0,0.0
T20_E26,Indep,0,0.0,0.0,0.0
T20_E27,Indep,0,0.0,0.0,0.0
T20_E28,Indep,0,0.0,0.0,0.0
T20_E29,Indep,0,0.0,0.0,0.0
T20_E30,Indep,0,0.0,0.0,0.0
T20_E31,Indep,0,0.0,0.0,0.0
T20_E32,Indep,0,0.0,0.0,0.0
T20_E33,Indep,0,0.0,0.0,0.0
T20_E34,Indep,0,0.0,0.0,0.0
T20_E35,Indep,0,0.0,0.0,0.0
T20_E36,Indep,0,0.0,0.0,0.0
T20_E37,Indep,0,0.0,0.0,0.0
T20_E38,Indep,0,0.0,0.0,0.0
T20_E39,Indep,0,0.0,0.0,0.0
T20_E40,Indep,0,0.0,0.0,0.0
T21_E0,Indep,0,0.0,0.0,0.0
T21_E1,Indep,0,0.0,0.0,0.0
T21_E2,Indep,0,0.0,0.0,0.0
T21_E3,Indep,0,0.0,0.0,0.0
T21_E4,Indep,0,0.0,0.0,0.0
T21_E5,Indep,0,0.0,0.0,0.0
T21_E6,Indep,0,0.0,0.0,0.0
T21_E7,Indep,0,0.0,0.0,0.0
T21_E8,Indep,0,0.0,0.0,0.0
T21_E9,Indep,0,0.0,0.0,0.0
T21_E10,Indep,0,0.0,0.0,0.0
T21_E11,Indep,0,0.0,0.0,0.0
T21_E12,Indep,0,0.0,0.0,0.0
T21_E13,Indep,0,0.0,0.0,0.0
T21_E14,Indep,0,0.0,0.0,0.0
T21_E15,Indep,0,0.0,0.0,0.0
T21_E16,Indep,0,0.0,0.0,0.0
T21_E17,Indep,0,0.0,0.0,0.0
T21_E18,Indep,0,0.0,0.0,0.0
T21_E19,Indep,0,0.0,0.0,0.0
T21_E20,Indep,0,0.0,0.0,0.0
T21_E21,Indep,0,0.0,0.0,0.0
T21_E22,Indep,0,0.0,0.0,0.0
T21_E23,Indep,0,0.0,0.0,0.0
T21_E24,Indep,0,0.0,0.0,0.0
T21_E25,Indep,0,0.0,0.0,0.0
T21_E26,Indep,0,0.0,0.0,0.0
T21_E27,Indep,0,0.0,0.0,0.0
T21_E28,Indep,0,0.0,0.0,0.0
T21_E29,Indep,0,0.0,0.0,0.0
T21_E30,Indep,0,0.0,0.0,0.0
T21_E31,Indep,0,0.0,0.0,0.0
T21_E32,Indep,0,0.0,0.0,0.0
T21_E33,Indep,0,0.0,0.0,0.0
T21_E34,Indep,0,0.0,0.0,0.0
T21_E35,Indep,0,0.0,0.0,0.0
T21_E36,Indep,0,0.0,0.0,0.0
T21_E37,Indep,0,0.0,0.0,0.0
T21_E38,Indep,0,0.0,0.0,0.0
T21_E39,Indep,0,0.0,0.0,0.0
T22_E0,Indep,0,0.0,0.0,0.0
T22_E1,Indep,0,0.0,0.0,0.0
T22_E2,Indep,0,0.0,0.0,0.0
T22_E3,Indep,0,0.0,0.0,0.0
T22_E4,Indep,0,0.0,0.0,0.0
T22_E5,Indep,0,0.0,0.0,0.0
T22_E6,Indep,0,0.0,0.0,0.0
T22_E7,Indep,0,0.0,0.0,0.0
T22_E8,Indep,0,0.0,0.0,0.0
T22_E9,Indep,0,0.0,0.0,0.0
T22_E10,Indep,0,0.0,0.0,0.0
T22_E11,Indep,0,0.0,0.0,0.0
T22_E12,Indep,0,0.0,0.0,0.0
T22_E13,Indep,0,0.0,0.0,0.0
T22_E14,Indep,0,0.0,0.0,0.0
T22_E15,Indep,0,0.0,0.0,0.0
T22_E16,Indep,0,0.0,0.0,0.0
T22_E17,Indep,0,0.0,0.0,0.0
T22_E18,Indep,0,0.0,0.0,0.0
T22_E19,Indep,0,0.0,0.0,0.0
T22_E20,Indep,0,0.0,0.0,0.0
T22_E21,Indep,0,0.0,0.0,0.0
T22_E22,Indep,0,0.0,0.0,0.0
T22_E23,Indep,0,0.0,0.0,0.0
T22_E24,Indep,0,0.0,0.0,0.0
T22_E25,Indep,0,0.0,0.0,0.0
T22_E26,Indep,0,0.0,0.0,0.0
T22_E27,Indep,0,0.0,0.0,0.0
T22_E28,Indep,0,0.0,0.0,0.0
T22_E29,Indep,0,0.0,0.0,0.0
T22_E30,Indep,0,0.0,0.0,0.0
T22_E31,Indep,0,0.0,0.0,0.0
T22_E32,Indep,0,0.0,0.0,0.0
T22_E33,Indep,0,0.0,0.0,0.0
T22_E34,Indep,0,0.0,0.0,0.0
T22_E35,Indep,0,0.0,0.0,0.0
T22_E36,Indep,0,0.0,0.0,0.0
T22_E37,Indep,0,0.0,0.0,0.0
T22_E38,Indep,0,0.0,0.0,0.0
T23_E0,Indep,0,0.0,0.0,0.0
T23_E1,Indep,0,0.0,0.0,0.0
T23_E2,Indep,0,0.0,0.0,0.0
T23_E3,Indep,0,0.0,0.0,0.0
T23_E4,Indep,0,0.0,0.0,0.0
T23_E5,Indep,0,0.0,0.0,0.0
T23_E6,Indep,0,0.0,0.0,0.0
T23_E7,Indep,0,0.0,0.0,0.0
T23_E8,Indep,0,0.0,0.0,0.0
T23_E9,Indep,0,0.0,0.0,0.0
T23_E10,Indep,0,0.0,0.0,0.0
T23_E11,Indep,0,0.0,0.0,0.0
T23_E12,Indep,0,0.0,0.0,0.0
T23_E13,Indep,0,0.0,0.0,0.0
T23_E14,Indep,0,0.0,0.0,0.0
T23_E15,Indep,0,0.0,0.0,0.0
T23_E16,Indep,0,0.0,0.0,0.0
T23_E17,Indep,0,0.0,0.0,0.0
T23_E18,Indep,0,0.0,0.0,0.0
T23_E19,Indep,0,0.0,0.0,0.0
T23_E20,Indep,0,0.0,0.0,0.0
T23_E21,Indep,0,0.0,0.0,0.0
T23_E22,Indep,0,0.0,0.0,0.0
T23_E23,Indep,0,0.0,0.0,0.0
T23_E24,Indep,0,0.0,0.0,0.0
T23_E25,Indep,0,0.0,0.0,0.0
T23_E26,Indep,0,0.0,0.0,0.0
T23_E27,Indep,0,0.0,0.0,0.0
T23_E28,Indep,0,0.0,0.0,0.0
T23_E29,Indep,0,0.0,0.0,0.0
T23_E30,Indep,0,0.0,0.0,0.0
T23_E31,Indep,0,0.0,0.0,0.0
T23_E32,Indep,0,0.0,0.0,0.0
T23_E33,Indep,0,0.0,0.0,0.0
T23_E34,Indep,0,0.0,0.0,0.0
T23_E35,Indep,0,0.0,0.0,0.0
T23_E36,Indep,0,0.0,0.0,0.0
T23_E37,Indep,0,0.0,0.0,0.0
T24_E0,Indep,0,0.0,0.0,0.0
T24_E1,Indep,0,0.0,0.0,0.0
T24_E2,Indep,0,0.0,0.0,0.0
T24_E3,Indep,0,0.0,0.0,0.0
T24_E4,Indep,0,0.0,0.0,0.0
T24_E5,Indep,0,0.0,0.0,0.0
T24_E6,Indep,0,0.0,0.0,0.0
T24_E7,Indep,0,0.0,0.0,0.0
T24_E8,Indep,0,0.0,0.0,0.0
T24_E9,Indep,0,0.0,0.0,0.0
T24_E10,Indep,0,0.0,0.0,0.0
T24_E11,Indep,0,0.0,0.0,0.0
T24_E12,Indep,0,0.0,0.0,0.0
T24_E13,Indep,0,0.0,0.0,0.0
T24_E14,Indep,0,0.0,0.0,0.0
T24_E15,Indep,0,0.0,0.0,0.0
T24_E16,Indep,0,0.0,0.0,0.0
T24_E17,Indep,0,0.0,0.0,0.0
T24_E18,Indep,0,0.0,0.0,0.0
T24_E19,Indep,0,0.0,0.0,0.0
T24_E20,Indep,0,0.0,0.0,0.0
T24_E21,Indep,0,0.0,0.0,0.0
T24_E22,Indep,0,0.0,0.0,0.0
T24_E23,Indep,0,0.0,0.0,0.0
T24_E24,Indep,0,0.0,0.0,0.0
T24_E25,Indep,0,0.0,0.0,0.0
T24_E26,Indep,0,0.0,0.0,0.0
T24_E27,Indep,0,0.0,0.0,0.0
T24_E28,Indep,0,0.0,0.0,0.0
T24_E29,Indep,0,0.0,0.0,0.0
T24_E30,Indep,0,0.0,0.0,0.0
T24_E31,Indep,0,0.0,0.0,0.0
T24_E32,Indep,0,0.0,0.0,0.0
T24_E33,Indep,0,0.0,0.0,0.0
T24_E34,Indep,0,0.0,0.0,0.0
T24_E35,Indep,0,0.0,0.0,0.0
T24_E36,Indep,0,0.0,0.0,0.0
T25_E0,Indep,0,0.0,0.0,0.0
T25_E1,Indep,0,0.0,0.0,0.0
T25_E2,Indep,0,0.0,0.0,0.0
T25_E3,Indep,0,0.0,0.0,0.0
T25_E4,Indep,0,0.0,0.0,0.0
T25_E5,Indep,0,0.0,0.0,0.0
T25_E6,Indep,0,0.0,0.0,0.0
T25_E7,Indep,0,0.0,0.0,0.0
T25_E8,Indep,0,0.0,0.0,0.0
T25_E9,Indep,0,0.0,0.0,0.0
T25_E10,Indep,0,0.0,0.0,0.0
T25_E11,Indep,0,0.0,0.0,0.0
T25_E12,Indep,0,0.0,0.0,0.0
T25_E13,Indep,0,0.0,0.0,0.0
T25_E14,Indep,0,0.0,0.0,0.0
T25_E15,Indep,0,0.0,0.0,0.0
T25_E16,Indep,0,0.0,0.0,0.0
T25_E17,Indep,0,0.0,0.0,0.0
T25_E18,Indep,0,0.0,0.0,0.0
T25_E19,Indep,0,0.0,0.0,0.0
T25_E20,Indep,0,0.0,0.0,0.0
T25_E21,Indep,0,0.0,0.0,0.0
T25_E22,Indep,0,0.0,0.0,0.0
T25_E23,Indep,0,0.0,0.0,0.0
T25_E24,Indep,0,0.0,0.0,0.0
T25_E25,Indep,0,0.0,0.0,0.0
T25_E26,Indep,0,0.0,0.0,0.0
T25_E27,Indep,0,0.0,0.0,0.0
T25_E28,Indep,0,0.0,0.0,0.0
T25_E29,Indep,0,0.0,0.0,0.0
T25_E30,Indep,0,0.0,0.0,0.0
T25_E31,Indep,0,0.0,0.0,0.0
T25_E32,Indep,0,0.0,0.0,0.0
T25_E33,Indep,0,0.0,0.0,0.0
T25_E34,Indep,0,0.0,0.0,0.0
T25_E35,Indep,0,0.0,0.0,0.0
T26_E0,Indep,0,0.0,0.0,0.0
T26_E1,Indep,0,0.0,0.0,0.0
T26_E2,Indep,0,0.0,0.0,0.0
T26_E3,Indep,0,0.0,0.0,0.0
T26_E4,Indep,0,0.0,0.0,0.0
T26_E5,Indep,0,0.0,0.0,0.0
T26_E6,Indep,0,0.0,0.0,0.0
T26_E7,Indep,0,0.0,0.0,0.0
T26_E8,Indep,0,0.0,0.0,0.0
T26_E9,Indep,0,0.0,0.0,0.0
T26_E10,Indep,0,0.0,0.0,0.0
T26_E11,Indep,0,0.0,0.0,0.0
T26_E12,Indep,0,0.0,0.0,0.0
T26_E13,Indep,0,0.0,0.0,0.0
T26_E14,Indep,0,0.0,0.0,0.0
T26_E15,Indep,0,0.0,0.0,0.0
T26_E16,Indep,0,0.0,0.0,0.0
T26_E17,Indep,0,0.0,0.0,0.0
T26_E18,Indep,0,0.0,0.0,0.0
T26_E19,Indep,0,0.0,0.0,0.0
T26_E20,Indep,0,0.0,0.0,0.0
T26_E21,Indep,0,0.0,0.0,0.0
T26_E22,Indep,0,0.0,0.0,0.0
T26_E23,Indep,0,0.0,0.0,0.0
T26_E24,Indep,0,0.0,0.0,0.0
T26_E25,Indep,0,0.0,0.0,0.0
T26_E26,Indep,0,0.0,0.0,0.0
T26_E27,Indep,0,0.0,0.0,0.0
T26_E28,Indep,0,0.0,0.0,0.0
T26_E29,Indep,0,0.0,0.0,0.0
T26_E30,Indep,0,0.0,0.0,0.0
T26_E31,Indep,0,0.0,0.0,0.0
T26_E32,Indep,0,0.0,0.0,0.0
T26_E33,Indep,0,0.0,0.0,0.0
T26_E34,Indep,0,0.0,0.0,0.0
T27_E0,Indep,0,0.0,0.0,0.0
T27_E1,Indep,0,0.0,0.0,0.0
T27_E2,Indep,0,0.0,0.0,0.0
T27_E3,Indep,0,0.0,0.0,0.0
T27_E4,Indep,0,0.0,0.0,0.0
T27_E5,Indep,0,0.0,0.0,0.0
T27_E6,Indep,0,0.0,0.0,0.0
T27_E7,Indep,0,0.0,0.0,0.0
T27_E8,Indep,0,0.0,0.0,0.0
T27_E9,Indep,0,0.0,0.0,0.0
T27_E10,Indep,0,0.0,0.0,0.0
T27_E11,Indep,0,0.0,0.0,0.0
T27_E12,Indep,0,0.0,0.0,0.0
T27_E13,Indep,0,0.0,0.0,0.0
T27_E14,Indep,0,0.0,0.0,0.0
T27_E15,Indep,0,0.0,0.0,0.0
T27_E16,Indep,0,0.0,0.0,0.0
T27_E17,Indep,0,0.0,0.0,0.0
T27_E18,Indep,0,0.0,0.0,0.0
T27_E19,Indep,0,0.0,0.0,0.0
T27_E20,Indep,0,0.0,0.0,0.0
T27_E21,Indep,0,0.0,0.0,0.0
T27_E22,Indep,0,0.0,0.0,0.0
T27_E23,Indep,0,0.0,0.0,0.0
T27_E24,Indep,0,0.0,0.0,0.0
T27_E25,Indep,0,0.0,0.0,0.0
T27_E26,Indep,0,0.0,0.0,0.0
T27_E27,Indep,0,0.0,0.0,0.0
T27_E28,Indep,0,0.0,0.0,0.0
T27_E29,Indep,0,0.0,0.0,0.0
T27_E30,Indep,0,0.0,0.0,0.0
T27_E31,Indep,0,0.0,0.0,0.0
T27_E32,Indep,0,0.0,0.0,0.0
T27_E33,Indep,0,0.0,0.0,0.0
T28_E0,Indep,0,0.0,0.0,0.0
T28_E1,Indep,0,0.0,0.0,0.0
T28_E2,Indep,0,0.0,0.0,0.0
T28_E3,Indep,0,0.0,0.0,0.0
T28_E4,Indep,0,0.0,0.0,0.0
T28_E5,Indep,0,0.0,0.0,0.0
T28_E6,Indep,0,0.0,0.0,0.0
T28_E7,Indep,0,0.0,0.0,0.0
T28_E8,Indep,0,0.0,0.0,0.0
T28_E9,Indep,0,0.0,0.0,0.0
T28_E10,Indep,0,0.0,0.0,0.0
T28_E11,Indep,0,0.0,0.0,0.0
T28_E12,Indep,0,0.0,0.0,0.0
T28_E13,Indep,0,0.0,0.0,0.0
T28_E14,Indep,0,0.0,0.0,0.0
T28_E15,Indep,0,0.0,0.0,0.0
T28_E16,Indep,0,0.0,0.0,0.0
T28_E17,Indep,0,0.0,0.0,0.0
T28_E18,Indep,0,0.0,0.0,0.0
T28_E19,Indep,0,0.0,0.0,0.0
T28_E20,Indep,0,0.0,0.0,0.0
T28_E21,Indep,0,0.0,0.0,0.0
T28_E22,Indep,0,0.0,0.0,0.0
T28_E23,Indep,0,0.0,0.0,0.0
T28_E24,Indep,0,0.0,0.0,0.0
T28_E25,Indep,0,0.0,0.0,0.0
T28_E26,Indep,0,0.0,0.0,0.0
T28_E27,Indep,0,0.0,0.0,0.0
T28_E28,Indep,0,0.0,0.0,0.0
T28_E29,Indep,0,0.0,0.0,0.0
T28_E30,Indep,0,0.0,0.0,0.0
T28_E31,Indep,0,0.0,0.0,0.0
T28_E32,Indep,0,0.0,0.0,0.0
T29_E0,Indep,0,0.0,0.0,0.0
T29_E1,Indep,0,0.0,0.0,0.0
T29_E2,Indep,0,0.0,0.0,0.0
T29_E3,Indep,0,0.0,0.0,0.0
T29_E4,Indep,0,0.0,0.0,0.0
T29_E5,Indep,0,0.0,0.0,0.0
T29_E6,Indep,0,0.0,0.0,0.0
T29_E7,Indep,0,0.0,0.0,0.0
T29_E8,Indep,0,0.0,0.0,0.0
T29_E9,Indep,0,0.0,0.0,0.0
T29_E10,Indep,0,0.0,0.0,0.0
T29_E11,Indep,0,0.0,0.0,0.0
T29_E12,Indep,0,0.0,0.0,0.0
T29_E13,Indep,0,0.0,0.0,0.0
T29_E14,Indep,0,0.0,0.0,0.0
T29_E15,Indep,0,0.0,0.0,0.0
T29_E16,Indep,0,0.0,0.0,0.0
T29_E17,Indep,0,0.0,0.0,0.0
T29_E18,Indep,0,0.0,0.0,0.0
T29_E19,Indep,0,0.0,0.0,0.0
T29_E20,Indep,0,0.0,0.0,0.0
T29_E21,Indep,0,0.0,0.0,0.0
T29_E22,Indep,0,0.0,0.0,0.0
T29_E23,Indep,0,0.0,0.0,0.0
T29_E24,Indep,0,0.0,0.0,0.0
T29_E25,Indep,0,0.0,0.0,0.0
T29_E26,Indep,0,0.0,0.0,0.0
T29_E27,Indep,0,0.0,0.0,0.0
T29_E28,Indep,0,0.0,0.0,0.0
T29_E29,Indep,0,0.0,0.0,0.0
T29_E30,Indep,0,0.0,0.0,0.0
T29_E31,Indep,0,0.0,0.0,0.0
T30_E0,Indep,0,0.0,0.0,0.0
T30_E1,Indep,0,0.0,0.0,0.0
T30_E2,Indep,0,0.0,0.0,0.0
T30_E3,Indep,0,0.0,0.0,0.0
T30_E4,Indep,0,0.0,0.0,0.0
T30_E5,Indep,0,0.0,0.0,0.0
T30_E6,Indep,0,0.0,0.0,0.0
T30_E7,Indep,0,0.0,0.0,0.0
T30_E8,Indep,0,0.0,0.0,0.0
T30_E9,Indep,0,0.0,0.0,0.0
T30_E10,Indep,0,0.0,0.0,0.0
T30_E11,Indep,0,0.0,0.0,0.0
T30_E12,Indep,0,0.0,0.0,0.0
T30_E13,Indep,0,0.0,0.0,0.0
T30_E14,Indep,0,0.0,0.0,0.0
T30_E15,Indep,0,0.0,0.0,0.0
T30_E16,Indep,0,0.0,0.0,0.0
T30_E17,Indep,0,0.0,0.0,0.0
T30_E18,Indep,0,0.0,0.0,0.0
T30_E19,Indep,0,0.0,0.0,0.0
T30_E20,Indep,0,0.0,0.0,0.0
T30_E21,Indep,0,0.0,0.0,0.0
T30_E22,Indep,0,0.0,0.0,0.0
T30_E23,Indep,0,0.0,0.0,0.0
T30_E24,Indep,0,0.0,0.0,0.0
T30_E25,Indep,0,0.0,0.0,0.0
T30_E26,Indep,0,0.0,0.0,0.0
T30_E27,Indep,0,0.0,0.0,0.0
T30_E28,Indep,0,0.0,0.0,0.0
T30_E29,Indep,0,0.0,0.0,0.0
T30_E30,Indep,0,0.0,0.0,0.0
T31_E0,Indep,0,0.0,0.0,0.0
T31_E1,Indep,0,0.0,0.0,0.0
T31_E2,Indep,0,0.0,0.0,0.0
T31_E3,Indep,0,0.0,0.0,0.0
T31_E4,Indep,0,0.0,0.0,0.0
T31_E5,Indep,0,0.0,0.0,0.0
T31_E6,Indep,0,0.0,0.0,0.0
T31_E7,Indep,0,0.0,0.0,0.0
T31_E8,Indep,0,0.0,0.0,0.0
T31_E9,Indep,0,0.0,0.0,0.0
T31_E10,Indep,0,0.0,0.0,0.0
T31_E11,Indep,0,0.0,0.0,0.0
T31_E12,Indep,0,0.0,0.0,0.0
T31_E13,Indep,0,0.0,0.0,0.0
T31_E14,Indep,0,0.0,0.0,0.0
T31_E15,Indep,0,0.0,0.0,0.0
T31_E16,Indep,0,0.0,0.0,0.0
T31_E17,Indep,0,0.0,0.0,0.0
T31_E18,Indep,0,0.0,0.0,0.0
T31_E19,Indep,0,0.0,0.0,0.0
T31_E20,Indep,0,0.0,0.0,0.0
T31_E21,Indep,0,0.0,0.0,0.0
T31_E22,Indep,0,0.0,0.0,0.0
T31_E23,Indep,0,0.0,0.0,0.0
T31_E24,Indep,0,0.0,0.0,0.0
T31_E25,Indep,0,0.0,0.0,0.0
T31_E26,Indep,0,0.0,0.0,0.0
T31_E27,Indep,0,0.0,0.0,0.0
T31_E28,Indep,0,0.0,0.0,0.0
T31_E29,Indep,0,0.0,0.0,0.0
T32_E0,Indep,0,0.0,0.0,0.0
T32_E1,Indep,0,0.0,0.0,0.0
T32_E2,Indep,0,0.0,0.0,0.0
T32_E3,Indep,0,0.0,0.0,0.0
T32_E4,Indep,0,0.0,0.0,0.0
T32_E5,Indep,0,0.0,0.0,0.0
T32_E6,Indep,0,0.0,0.0,0.0
T32_E7,Indep,0,0.0,0.0,0.0
T32_E8,Indep,0,0.0,0.0,0.0
T32_E9,Indep,0,0.0,0.0,0.0
T32_E10,Indep,0,0.0,0.0,0.0
T32_E11,Indep,0,0.0,0.0,0.0
T32_E12,Indep,0,0.0,0.0,0.0
T32_E13,Indep,0,0.0,0.0,0.0
T32_E14,Indep,0,0.0,0.0,0.0
T32_E15,Indep,0,0.0,0.0,0.0
T32_E16,Indep,0,0.0,0.0,0.0
T32_E17,Indep,0,0.0,0.0,0.0
T32_E18,Indep,0,0.0,0.0,0.0
T32_E19,Indep,0,0.0,0.0,0.0
T32_E20,Indep,0,0.0,0.0,0.0
T32_E21,Indep,0,0.0,0.0,0.0
T32_E22,Indep,0,0.0,0.0,0.0
T32_E23,Indep,0,0.0,0.0,0.0
T32_E24,Indep,0,0.0,0.0,0.0
T32_E25,Indep,0,0.0,0.0,0.0
T32_E26,Indep,0,0.0,0.0,0.0
T32_E27,Indep,0,0.0,0.0,0.0
T32_E28,Indep,0,0.0,0.0,0.0
T33_E0,Indep,0,0.0,0.0,0.0
T33_E1,Indep,0,0.0,0.0,0.0
T33_E2,Indep,0,0.0,0.0,0.0
T33_E3,Indep,0,0.0,0.0,0.0
T33_E4,Indep,0,0.0,0.0,0.0
T33_E5,Indep,0,0.0,0.0,0.0
T33_E6,Indep,0,0.0,0.0,0.0
T33_E7,Indep,0,0.0,0.0,0.0
T33_E8,Indep,0,0.0,0.0,0.0
T33_E9,Indep,0,0.0,0.0,0.0
T33_E10,Indep,0,0.0,0.0,0.0
T33_E11,Indep,0,0.0,0.0,0.0
T33_E12,Indep,0,0.0,0.0,0.0
T33_E13,Indep,0,0.0,0.0,0.0
T33_E14,Indep,0,0.0,0.0,0.0
T33_E15,Indep,0,0.0,0.0,0.0
T33_E16,Indep,0,0.0,0.0,0.0
T33_E17,Indep,0,0.0,0.0,0.0
T33_E18,Indep,0,0.0,0.0,0.0
T33_E19,Indep,0,0.0,0.0,0.0
T33_E20,Indep,0,0.0,0.0,0.0
T33_E21,Indep,0,0.0,0.0,0.0
T33_E22,Indep,0,0.0,0.0,0.0
T33_E23,Indep,0,0.0,0.0,0.0
T33_E24,Indep,0,0.0,0.0,0.0
T33_E25,Indep,0,0.0,0.0,0.0
T33_E26,Indep,0,0.0,0.0,0.0
T33_E27,Indep,0,0.0,0.0,0.0
T34_E0,Indep,0,0.0,0.0,0.0
T34_E1,Indep,0,0.0,0.0,0.0
T34_E2,Indep,0,0.0,0.0,0.0
T34_E3,Indep,0,0.0,0.0,0.0
T34_E4,Indep,0,0.0,0.0,0.0
T34_E5,Indep,0,0.0,0.0,0.0
T34_E6,Indep,0,0.0,0.0,0.0
T34_E7,Indep,0,0.0,0.0,0.0
T34_E8,Indep,0,0.0,0.0,0.0
T34_E9,Indep,0,0.0,0.0,0.0
T34_E10,Indep,0,0.0,0.0,0.0
T34_E11,Indep,0,0.0,0.0,0.0
T34_E12,Indep,0,0.0,0.0,0.0
T34_E13,Indep,0,0.0,0.0,0.0
T34_E14,Indep,0,0.0,0.0,0.0
T34_E15,Indep,0,0.0,0.0,0.0
T34_E16,Indep,0,0.0,0.0,0.0
T34_E17,Indep,0,0.0,0.0,0.0
T34_E18,Indep,0,0.0,0.0,0.0
T34_E19,Indep,0,0.0,0.0,0.0
T34_E20,Indep,0,0.0,0.0,0.0
T34_E21,Indep,0,0.0,0.0,0.0
T34_E22,Indep,0,0.0,0.0,0.0
T34_E23,Indep,0,0.0,0.0,0.0
T34_E24,Indep,0,0.0,0.0,0.0
T34_E25,Indep,0,0.0,0.0,0.0
T34_E26,Indep,0,0.0,0.0,0.0
T35_E0,Indep,0,0.0,0.0,0.0
T35_E1,Indep,0,0.0,0.0,0.0
T35_E2,Indep,0,0.0,0.0,0.0
T35_E3,Indep,0,0.0,0.0,0.0
T35_E4,Indep,0,0.0,0.0,0.0
T35_E5,Indep,0,0.0,0.0,0.0
T35_E6,Indep,0,0.0,0.0,0.0
T35_E7,Indep,0,0.0,0.0,0.0
T35_E8,Indep,0,0.0,0.0,0.0
T35_E9,Indep,0,0.0,0.0,0.0
T35_E10,Indep,0,0.0,0.0,0.0
T35_E11,Indep,0,0.0,0.0,0.0
T35_E12,Indep,0,0.0,0.0,0.0
T35_E13,Indep,0,0.0,0.0,0.0
T35_E14,Indep,0,0.0,0.0,0.0
T35_E15,Indep,0,0.0,0.0,0.0
T35_E16,Indep,0,0.0,0.0,0.0
T35_E17,Indep,0,0.0,0.0,0.0
T35_E18,Indep,0,0.0,0.0,0.0
T35_E19,Indep,0,0.0,0.0,0.0
T35_E20,Indep,0,0.0,0.0,0.0
T35_E21,Indep,0,0.0,0.0,0.0
T35_E22,Indep,0,0.0,0.0,0.0
T35_E23,Indep,0,0.0,0.0,0.0
T35_E24,Indep,0,0.0,0.0,0.0
T35_E25,Indep,0,0.0,0.0,0.0
T36_E0,Indep,0,0.0,0.0,0.0
T36_E1,Indep,0,0.0,0.0,0.0
T36_E2,Indep,0,0.0,0.0,0.0
T36_E3,Indep,0,0.0,0.0,0.0
T36_E4,Indep,0,0.0,0.0,0.0
T36_E5,Indep,0,0.0,0.0,0.0
T36_E6,Indep,0,0.0,0.0,0.0
T36_E7,Indep,0,0.0,0.0,0.0
T36_E8,Indep,0,0.0,0.0,0.0
T36_E9,Indep,0,0.0,0.0,0.0
T36_E10,Indep,0,0.0,0.0,0.0
T36_E11,Indep,0,0.0,0.0,0.0
T36_E12,Indep,0,0.0,0.0,0.0
T36_E13,Indep,0,0.0,0.0,0.0
T36_E14,Indep,0,0.0,0.0,0.0
T36_E15,Indep,0,0.0,0.0,0.0
T36_E16,Indep,0,0.0,0.0,0.0
T36_E17,Indep,0,0.0,0.0,0.0
T36_E18,Indep,0,0.0,0.0,0.0
T36_E19,Indep,0,0.0,0.0,0.0
T36_E20,Indep,0,0.0,0.0,0.0
T36_E21,Indep,0,0.0,0.0,0.0
T36_E22,Indep,0,0.0,0.0,0.0
T36_E23,Indep,0,0.0,0.0,0.0
T36_E24,Indep,0,0.0,0.0,0.0
T37_E0,Indep,0,0.0,0.0,0.0
T37_E1,Indep,0,0.0,0.0,0.0
T37_E2,Indep,0,0.0,0.0,0.0
T37_E3,Indep,0,0.0,0.0,0.0
T37_E4,Indep,0,0.0,0.0,0.0
T37_E5,Indep,0,0.0,0.0,0.0
T37_E6,Indep,0,0.0,0.0,0.0
T37_E7,Indep,0,0.0,0.0,0.0
T37_E8,Indep,0,0.0,0.0,0.0
T37_E9,Indep,0,0.0,0.0,0.0
T37_E10,Indep,0,0.0,0.0,0.0
T37_E11,Indep,0,0.0,0.0,0.0
T37_E12,Indep,0,0.0,0.0,0.0
T37_E13,Indep,0,0.0,0.0,0.0
T37_E14,Indep,0,0.0,0.0,0.0
T37_E15,Indep,0,0.0,0.0,0.0
T37_E16,Indep,0,0.0,0.0,0.0
T37_E17,Indep,0,0.0,0.0,0.0
T37_E18,Indep,0,0.0,0.0,0.0
T37_E19,Indep,0,0.0,0.0,0.0
T37_E20,Indep,0,0.0,0.0,0.0
T37_E21,Indep,0,0.0,0.0,0.0
T37_E22,Indep,0,0.0,0.0,0.0
T37_E23,Indep,0,0.0,0.0,0.0
T38_E0,Indep,0,0.0,0.0,0.0
T38_E1,Indep,0,0.0,0.0,0.0
T38_E2,Indep,0,0.0,0.0,0.0
T38_E3,Indep,0,0.0,0.0,0.0
T38_E4,Indep,0,0.0,0.0,0.0
T38_E5,Indep,0,0.0,0.0,0.0
T38_E6,Indep,0,0.0,0.0,0.0
T38_E7,Indep,0,0.0,0.0,0.0
T38_E8,Indep,0,0.0,0.0,0.0
T38_E9,Indep,0,0.0,0.0,0.0
T38_E10,Indep,0,0.0,0.0,0.0
T38_E11,Indep,0,0.0,0.0,0.0
T38_E12,Indep,0,0.0,0.0,0.0
T38_E13,Indep,0,0.0,0.0,0.0
T38_E14,Indep,0,0.0,0.0,0.0
T38_E15,Indep,0,0.0,0.0,0.0
T38_E16,Indep,0,0.0,0.0,0.0
T38_E17,Indep,0,0.0,0.0,0.0
T38_E18,Indep,0,0.0,0.0,0.0
T38_E19,Indep,0,0.0,0.0,0.0
T38_E20,Indep,0,0.0,0.0,0.0
T38_E21,Indep,0,0.0,0.0,0.0
T38_E22,Indep,0,0.0,0.0,0.0
T39_E0,Indep,0,0.0,0.0,0.0
T39_E1,Indep,0,0.0,0.0,0.0
T39_E2,Indep,0,0.0,0.0,0.0
T39_E3,Indep,0,0.0,0.0,0.0
T39_E4,Indep,0,0.0,0.0,0.0
T39_E5,Indep,0,0.0,0.0,0.0
T39_E6,Indep,0,0.0,0.0,0.0
T39_E7,Indep,0,0.0,0.0,0.0
T39_E8,Indep,0,0.0,0.0,0.0
T39_E9,Indep,0,0.0,0.0,0.0
T39_E10,Indep,0,0.0,0.0,0.0
T39_E11,Indep,0,0.0,0.0,0.0
T39_E12,Indep,0,0.0,0.0,0.0
T39_E13,Indep,0,0.0,0.0,0.0
T39_E14,Indep,0,0.0,0.0,0.0
T39_E15,Indep,0,0.0,0.0,0.0
T39_E16,Indep,0,0.0,0.0,0.0
T39_E17,Indep,0,0.0,0.0,0.0
T39_E18,Indep,0,0.0,0.0,0.0
T39_E19,Indep,0,0.0,0.0,0.0
T39_E20,Indep,0,0.0,0.0,0.0
T39_E21,Indep,0,0.0,0.0,0.0
T40_E0,Indep,0,0.0,0.0,0.0
T40_E1,Indep,0,0.0,0.0,0.0
T40_E2,Indep,0,0.0,0.0,0.0
T40_E3,Indep,0,0.0,0.0,0.0
T40_E4,Indep,0,0.0,0.0,0.0
T40_E5,Indep,0,0.0,0.0,0.0
T40_E6,Indep,0,0.0,0.0,0.0
T40_E7,Indep,0,0.0,0.0,0.0
T40_E8,Indep,0,0.0,0.0,0.0
T40_E9,Indep,0,0.0,0.0,0.0
T40_E10,Indep,0,0.0,0.0,0.0
T40_E11,Indep,0,0.0,0.0,0.0
T40_E12,Indep,0,0.0,0.0,0.0
T40_E13,Indep,0,0.0,0.0,0.0
T40_E14,Indep,0,0.0,0.0,0.0
T40_E15,Indep,0,0.0,0.0,0.0
T40_E16,Indep,0,0.0,0.0,0.0
T40_E17,Indep,0,0.0,0.0,0.0
T40_E18,Indep,0,0.0,0.0,0.0
T40_E19,Indep,0,0.0,0.0,0.0
T40_E20,Indep,0,0.0,0.0,0.0
T41_E0,Indep,0,0.0,0.0,0.0
T41_E1,Indep,0,0.0,0.0,0.0
T41_E2,Indep,0,0.0,0.0,0.0
T41_E3,Indep,0,0.0,0.0,0.0
T41_E4,Indep,0,0.0,0.0,0.0
T41_E5,Indep,0,0.0,0.0,0.0
T41_E6,Indep,0,0.0,0.0,0.0
T41_E7,Indep,0,0.0,0.0,0.0
T41_E8,Indep,0,0.0,0.0,0.0
T41_E9,Indep,0,0.0,0.0,0.0
T41_E10,Indep,0,0.0,0.0,0.0
T41_E11,Indep,0,0.0,0.0,0.0
T41_E12,Indep,0,0.0,0.0,0.0
T41_E13,Indep,0,0.0,0.0,0.0
T41_E14,Indep,0,0.0,0.0,0.0
T41_E15,Indep,0,0.0,0.0,0.0
T41_E16,Indep,0,0.0,0.0,0.0
T41_E17,Indep,0,0.0,0.0,0.0
T41_E18,Indep,0,0.0,0.0,0.0
T41_E19,Indep,0,0.0,0.0,0.0
T42_E0,Indep,0,0.0,0.0,0.0
T42_E1,Indep,0,0.0,0.0,0.0
T42_E2,Indep,0,0.0,0.0,0.0
T42_E3,Indep,0,0.0,0.0,0.0
T42_E4,Indep,0,0.0,0.0,0.0
T42_E5,Indep,0,0.0,0.0,0.0
T42_E6,Indep,0,0.0,0.0,0.0
T42_E7,Indep,0,0.0,0.0,0.0
T42_E8,Indep,0,0.0,0.0,0.0
T42_E9,Indep,0,0.0,0.0,0.0
T42_E10,Indep,0,0.0,0.0,0.0
T42_E11,Indep,0,0.0,0.0,0.0
T42_E12,Indep,0,0.0,0.0,0.0
T42_E13,Indep,0,0.0,0.0,0.0
T42_E14,Indep,0,0.0,0.0,0.0
T42_E15,Indep,0,0.0,0.0,0.0
T42_E16,Indep,0,0.0,0.0,0.0
T42_E17,Indep,0,0.0,0.0,0.0
T42_E18,Indep,0,0.0,0.0,0.0
T43_E0,Indep,0,0.0,0.0,0.0
T43_E1,Indep,0,0.0,0.0,0.0
T43_E2,Indep,0,0.0,0.0,0.0
T43_E3,Indep,0,0.0,0.0,0.0
T43_E4,Indep,0,0.0,0.0,0.0
T43_E5,Indep,0,0.0,0.0,0.0
T43_E6,Indep,0,0.0,0.0,0.0
T43_E7,Indep,0,0.0,0.0,0.0
T43_E8,Indep,0,0.0,0.0,0.0
T43_E9,Indep,0,0.0,0.0,0.0
T43_E10,Indep,0,0.0,0.0,0.0
T43_E11,Indep,0,0.0,0.0,0.0
T43_E12,Indep,0,0.0,0.0,0.0
T43_E13,Indep,0,0.0,0.0,0.0
T43_E14,Indep,0,0.0,0.0,0.0
T43_E15,Indep,0,0.0,0.0,0.0
T43_E16,Indep,0,0.0,0.0,0.0
T43_E17,Indep,0,0.0,0.0,0.0
T44_E0,Indep,0,0.0,0.0,0.0
T44_E1,Indep,0,0.0,0.0,0.0
T44_E2,Indep,0,0.0,0.0,0.0
T44_E3,Indep,0,0.0,0.0,0.0
T44_E4,Indep,0,0.0,0.0,0.0
T44_E5,Indep,0,0.0,0.0,0.0
T44_E6,Indep,0,0.0,0.0,0.0
T44_E7,Indep,0,0.0,0.0,0.0
T44_E8,Indep,0,0.0,0.0,0.0
T44_E9,Indep,0,0.0,0.0,0.0
T44_E10,Indep,0,0.0,0.0,0.0
T44_E11,Indep,0,0.0,0.0,0.0
T44_E12,Indep,0,0.0,0.0,0.0
T44_E13,Indep,0,0.0,0.0,0.0
T44_E14,Indep,0,0.0,0.0,0.0
T44_E15,Indep,0,0.0,0.0,0.0
T44_E16,Indep,0,0.0,0.0,0.0
T45_E0,Indep,0,0.0,0.0,0.0
T45_E1,Indep,0,0.0,0.0,0.0
T45_E2,Indep,0,0.0,0.0,0.0
T45_E3,Indep,0,0.0,0.0,0.0
T45_E4,Indep,0,0.0,0.0,0.0
T45_E5,Indep,0,0.0,0.0,0.0
T45_E6,Indep,0,0.0,0.0,0.0
T45_E7,Indep,0,0.0,0.0,0.0
T45_E8,Indep,0,0.0,0.0,0.0
T45_E9,Indep,0,0.0,0.0,0.0
T45_E10,Indep,0,0.0,0.0,0.0
T45_E11,Indep,0,0.0,0.0,0.0
T45_E12,Indep,0,0.0,0.0,0.0
T45_E13,Indep,0,0.0,0.0,0.0
T45_E14,Indep,0,0.0,0.0,0.0
T45_E15,Indep,0,0.0,0.0,0.0
T46_E0,Indep,0,0.0,0.0,0.0
T46_E1,Indep,0,0.0,0.0,0.0
T46_E2,Indep,0,0.0,0.0,0.0
T46_E3,Indep,0,0.0,0.0,0.0
T46_E4,Indep,0,0.0,0.0,0.0
T46_E5,Indep,0,0.0,0.0,0.0
T46_E6,Indep,0,0.0,0.0,0.0
T46_E7,Indep,0,0.0,0.0,0.0
T46_E8,Indep,0,0.0,0.0,0.0
T46_E9,Indep,0,0.0,0.0,0.0
T46_E10,Indep,0,0.0,0.0,0.0
T46_E11,Indep,0,0.0,0.0,0.0
T46_E12,Indep,0,0.0,0.0,0.0
T46_E13,Indep,0,0.0,0.0,0.0
T46_E14,Indep,0,0.0,0.0,0.0
T47_E0,Indep,0,0.0,0.0,0.0
T47_E1,Indep,0,0.0,0.0,0.0
T47_E2,Indep,0,0.0,0.0,0.0
T47_E3,Indep,0,0.0,0.0,0.0
T47_E4,Indep,0,0.0,0.0,0.0
T47_E5,Indep,0,0.0,0.0,0.0
T47_E6,Indep,0,0.0,0.0,0.0
T47_E7,Indep,0,0.0,0.0,0.0
T47_E8,Indep,0,0.0,0.0,0.0
T47_E9,Indep,0,0.0,0.0,0.0
T47_E10,Indep,0,0.0,0.0,0.0
T47_E11,Indep,0,0.0,0.0,0.0
T47_E12,Indep,0,0.0,0.0,0.0
T47_E13,Indep,0,0.0,0.0,0.0
T48_E0,Indep,0,0.0,0.0,0.0
T48_E1,Indep,0,0.0,0.0,0.0
T48_E2,Indep,0,0.0,0.0,0.0
T48_E3,Indep,0,0.0,0.0,0.0
T48_E4,Indep,0,0.0,0.0,0.0
T48_E5,Indep,0,0.0,0.0,0.0
T48_E6,Indep,0,0.0,0.0,0.0
T48_E7,Indep,0,0.0,0.0,0.0
T48_E8,Indep,0,0.0,0.0,0.0
T48_E9,Indep,0,0.0,0.0,0.0
T48_E10,Indep,0,0.0,0.0,0.0
T48_E11,Indep,0,0.0,0.0,0.0
T48_E12,Indep,0,0.0,0.0,0.0
T49_E0,Indep,0,0.0,0.0,0.0
T49_E1,Indep,0,0.0,0.0,0.0
T49_E2,Indep,0,0.0,0.0,0.0
T49_E3,Indep,0,0.0,0.0,0.0
T49_E4,Indep,0,0.0,0.0,0.0
T49_E5,Indep,0,0.0,0.0,0.0
T49_E6,Indep,0,0.0,0.0,0.0
T49_E7,Indep,0,0.0,0.0,0.0
T49_E8,Indep,0,0.0,0.0,0.0
T49_E9,Indep,0,0.0,0.0,0.0
T49_E10,Indep,0,0.0,0.0,0.0
T49_E11,Indep,0,0.0,0.0,0.0
T50_E0,Indep,0,0.0,0.0,0.0
T50_E1,Indep,0,0.0,0.0,0.0
T50_E2,Indep,0,0.0,0.0,0.0
T50_E3,Indep,0,0.0,0.0,0.0
T50_E4,Indep,0,0.0,0.0,0.0
T50_E5,Indep,0,0.0,0.0,0.0
T50_E6,Indep,0,0.0,0.0,0.0
T50_E7,Indep,0,0.0,0.0,0.0
T50_E8,Indep,0,0.0,0.0,0.0
T50_E9,Indep,0,0.0,0.0,0.0
T50_E10,Indep,0,0.0,0.0,0.0
T51_E0,Indep,0,0.0,0.0,0.0
T51_E1,Indep,0,0.0,0.0,0.0
T51_E2,Indep,0,0.0,0.0,0.0
T51_E3,Indep,0,0.0,0.0,0.0
T51_E4,Indep,0,0.0,0.0,0.0
T51_E5,Indep,0,0.0,0.0,0.0
T51_E6,Indep,0,0.0,0.0,0.0
T51_E7,Indep,0,0.0,0.0,0.0
T51_E8,Indep,0,0.0,0.0,0.0
T51_E9,Indep,0,0.0,0.0,0.0
T52_E0,Indep,0,0.0,0.0,0.0
T52_E1,Indep,0,0.0,0.0,0.0
T52_E2,Indep,0,0.0,0.0,0.0
T52_E3,Indep,0,0.0,0.0,0.0
T52_E4,Indep,0,0.0,0.0,0.0
T52_E5,Indep,0,0.0,0.0,0.0
T52_E6,Indep,0,0.0,0.0,0.0
T52_E7,Indep,0,0.0,0.0,0.0
T52_E8,Indep,0,0.0,0.0,0.0
T53_E0,Indep,0,0.0,0.0,0.0
T53_E1,Indep,0,0.0,0.0,0.0
T53_E2,Indep,0,0.0,0.0,0.0
T53_E3,Indep,0,0.0,0.0,0.0
T53_E4,Indep,0,0.0,0.0,0.0
T53_E5,Indep,0,0.0,0.0,0.0
T53_E6,Indep,0,0.0,0.0,0.0
T53_E7,Indep,0,0.0,0.0,0.0
T54_E0,Indep,0,0.0,0.0,0.0
T54_E1,Indep,0,0.0,0.0,0.0
T54_E2,Indep,0,0.0,0.0,0.0
T54_E3,Indep,0,0.0,0.0,0.0
T54_E4,Indep,0,0.0,0.0,0.0
T54_E5,Indep,0,0.0,0.0,0.0
T54_E6,Indep,0,0.0,0.0,0.0
T55_E0,Indep,0,0.0,0.0,0.0
T55_E1,Indep,0,0.0,0.0,0.0
T55_E2,Indep,0,0.0,0.0,0.0
T55_E3,Indep,0,0.0,0.0,0.0
T55_E4,Indep,0,0.0,0.0,0.0
T55_E5,Indep,0,0.0,0.0,0.0
T56_E0,Indep,0,0.0,0.0,0.0
T56_E1,Indep,0,0.0,0.0,0.0
T56_E2,Indep,0,0.0,0.0,0.0
T56_E3,Indep,0,0.0,0.0,0.0
T56_E4,Indep,0,0.0,0.0,0.0
T57_E0,Indep,0,0.0,0.0,0.0
T57_E1,Indep,0,0.0,0.0,0.0
T57_E2,Indep,0,0.0,0.0,0.0
T57_E3,Indep,0,0.0,0.0,0.0
T58_E0,Indep,0,0.0,0.0,0.0
T58_E1,Indep,0,0.0,0.0,0.0
T58_E2,Indep,0,0.0,0.0,0.0
T59_E0,Indep,0,0.0,0.0,0.0
T59_E1,Indep,0,0.0,0.0,0.0
T60_E0,Indep,0,0.0,0.0,0.0
TOTAL,-,-,-34203.637244191996,31798.725511615987,287449.25073399325
